estado,anio,mes_num,surtidas,total
AGUASCALIENTES,2018,1,44166.0,44485
AGUASCALIENTES,2018,2,40386.0,40791
AGUASCALIENTES,2018,3,40932.0,41270
AGUASCALIENTES,2018,4,42160.0,42495
AGUASCALIENTES,2018,5,44995.0,45418
AGUASCALIENTES,2018,6,39806.0,40227
AGUASCALIENTES,2018,7,39313.0,39731
AGUASCALIENTES,2018,8,43091.0,43594
AGUASCALIENTES,2018,9,40563.0,40874
AGUASCALIENTES,2018,10,45399.0,45650
AGUASCALIENTES,2018,11,42799.0,43270
AGUASCALIENTES,2018,12,35550.0,36008
AGUASCALIENTES,2019,1,42632.0,43168
AGUASCALIENTES,2019,2,40335.0,40869
AGUASCALIENTES,2019,3,25331.0,25820
AGUASCALIENTES,2019,4,37593.0,38311
AGUASCALIENTES,2019,5,41275.0,42090
AGUASCALIENTES,2019,6,39129.0,39862
AGUASCALIENTES,2019,7,39798.0,40306
AGUASCALIENTES,2019,8,42107.0,42469
AGUASCALIENTES,2019,9,41485.0,41862
AGUASCALIENTES,2019,10,46050.0,46703
AGUASCALIENTES,2019,11,38246.0,38990
AGUASCALIENTES,2019,12,36555.0,36976
AGUASCALIENTES,2020,1,38431.0,39342
AGUASCALIENTES,2020,2,39423.0,40673
AGUASCALIENTES,2020,3,38191.0,39763
AGUASCALIENTES,2020,4,25499.0,27462
AGUASCALIENTES,2020,5,21121.0,23927
AGUASCALIENTES,2020,6,25139.0,28246
AGUASCALIENTES,2020,7,27060.0,30377
AGUASCALIENTES,2020,8,26811.0,28534
AGUASCALIENTES,2020,9,27437.0,28953
AGUASCALIENTES,2020,10,31407.0,32667
AGUASCALIENTES,2020,11,23664.0,24534
AGUASCALIENTES,2020,12,26829.0,27652
AGUASCALIENTES,2021,1,26992.0,27992
AGUASCALIENTES,2021,2,26036.0,26923
AGUASCALIENTES,2021,3,27456.0,28320
AGUASCALIENTES,2021,4,8547.0,9266
AGUASCALIENTES,2021,5,34118.0,35318
AGUASCALIENTES,2021,6,32966.0,33820
AGUASCALIENTES,2021,7,34485.0,35248
AGUASCALIENTES,2021,8,34071.0,34888
AGUASCALIENTES,2021,9,37162.0,37834
AGUASCALIENTES,2021,10,36668.0,37366
AGUASCALIENTES,2021,11,19771.0,20303
AGUASCALIENTES,2021,12,31768.0,32525
AGUASCALIENTES,2022,1,36913.0,37466
AGUASCALIENTES,2022,2,36367.0,36904
AGUASCALIENTES,2022,3,42795.0,43566
AGUASCALIENTES,2022,4,35799.0,36648
AGUASCALIENTES,2022,5,42390.0,43021
AGUASCALIENTES,2022,6,25821.0,26295
AGUASCALIENTES,2022,7,37425.0,38284
AGUASCALIENTES,2022,8,41787.0,42567
AGUASCALIENTES,2022,9,39021.0,39749
AGUASCALIENTES,2022,10,40776.0,41969
AGUASCALIENTES,2022,11,42386.0,43382
AGUASCALIENTES,2022,12,35659.0,36451
AGUASCALIENTES,2023,1,44055.0,44464
AGUASCALIENTES,2023,2,40578.0,41355
AGUASCALIENTES,2023,3,44995.0,47175
AGUASCALIENTES,2023,4,36804.0,37569
AGUASCALIENTES,2023,5,45326.0,46018
AGUASCALIENTES,2023,6,33266.0,33870
AGUASCALIENTES,2023,7,43022.0,43347
AGUASCALIENTES,2023,8,45279.0,45652
AGUASCALIENTES,2023,9,43876.0,44130
AGUASCALIENTES,2023,10,47631.0,48097
AGUASCALIENTES,2023,11,45653.0,46187
AGUASCALIENTES,2023,12,36491.0,37349
AGUASCALIENTES,2024,1,47565.0,48053
AGUASCALIENTES,2024,2,45236.0,45946
AGUASCALIENTES,2024,3,40104.0,41231
AGUASCALIENTES,2024,4,44579.0,45417
AGUASCALIENTES,2024,5,42664.0,43651
AGUASCALIENTES,2024,6,36820.0,37842
AGUASCALIENTES,2024,7,40228.0,41459
AGUASCALIENTES,2024,8,41400.0,43409
AGUASCALIENTES,2024,9,39120.0,40527
AGUASCALIENTES,2024,10,42853.0,44524
AGUASCALIENTES,2024,11,36080.0,37701
AGUASCALIENTES,2024,12,32736.0,34564
BAJA CALIFORNIA,2018,1,59642.0,60692
BAJA CALIFORNIA,2018,2,52595.0,54301
BAJA CALIFORNIA,2018,3,54216.0,55344
BAJA CALIFORNIA,2018,4,56082.0,57653
BAJA CALIFORNIA,2018,5,61284.0,62561
BAJA CALIFORNIA,2018,6,53709.0,54782
BAJA CALIFORNIA,2018,7,54371.0,55325
BAJA CALIFORNIA,2018,8,57481.0,58707
BAJA CALIFORNIA,2018,9,52872.0,53620
BAJA CALIFORNIA,2018,10,59277.0,60263
BAJA CALIFORNIA,2018,11,53725.0,54583
BAJA CALIFORNIA,2018,12,52550.0,53392
BAJA CALIFORNIA,2019,1,58144.0,59193
BAJA CALIFORNIA,2019,2,50380.0,51440
BAJA CALIFORNIA,2019,3,33148.0,34003
BAJA CALIFORNIA,2019,4,50065.0,51789
BAJA CALIFORNIA,2019,5,54790.0,56605
BAJA CALIFORNIA,2019,6,53415.0,54836
BAJA CALIFORNIA,2019,7,53720.0,55724
BAJA CALIFORNIA,2019,8,41092.0,43072
BAJA CALIFORNIA,2019,9,50664.0,52416
BAJA CALIFORNIA,2019,10,58310.0,60787
BAJA CALIFORNIA,2019,11,51612.0,53829
BAJA CALIFORNIA,2019,12,53773.0,55342
BAJA CALIFORNIA,2020,1,53929.0,57177
BAJA CALIFORNIA,2020,2,52178.0,55969
BAJA CALIFORNIA,2020,3,49429.0,53076
BAJA CALIFORNIA,2020,4,31977.0,34318
BAJA CALIFORNIA,2020,5,30523.0,34427
BAJA CALIFORNIA,2020,6,33122.0,39242
BAJA CALIFORNIA,2020,7,36682.0,41746
BAJA CALIFORNIA,2020,8,39447.0,43319
BAJA CALIFORNIA,2020,9,44051.0,47987
BAJA CALIFORNIA,2020,10,47380.0,50144
BAJA CALIFORNIA,2020,11,33760.0,35987
BAJA CALIFORNIA,2020,12,42580.0,44605
BAJA CALIFORNIA,2021,1,36473.0,39531
BAJA CALIFORNIA,2021,2,36326.0,39693
BAJA CALIFORNIA,2021,3,40059.0,43144
BAJA CALIFORNIA,2021,4,10790.0,12121
BAJA CALIFORNIA,2021,5,46284.0,48354
BAJA CALIFORNIA,2021,6,47591.0,49557
BAJA CALIFORNIA,2021,7,48548.0,51757
BAJA CALIFORNIA,2021,8,50676.0,53223
BAJA CALIFORNIA,2021,9,50522.0,53728
BAJA CALIFORNIA,2021,10,49915.0,52306
BAJA CALIFORNIA,2021,11,29199.0,31275
BAJA CALIFORNIA,2021,12,45682.0,48210
BAJA CALIFORNIA,2022,1,48612.0,50396
BAJA CALIFORNIA,2022,2,47204.0,49714
BAJA CALIFORNIA,2022,3,52648.0,55707
BAJA CALIFORNIA,2022,4,46896.0,50024
BAJA CALIFORNIA,2022,5,52262.0,55408
BAJA CALIFORNIA,2022,6,33187.0,34610
BAJA CALIFORNIA,2022,7,49806.0,51925
BAJA CALIFORNIA,2022,8,53381.0,56192
BAJA CALIFORNIA,2022,9,47979.0,50500
BAJA CALIFORNIA,2022,10,51708.0,54331
BAJA CALIFORNIA,2022,11,50442.0,52878
BAJA CALIFORNIA,2022,12,49353.0,51469
BAJA CALIFORNIA,2023,1,55548.0,57533
BAJA CALIFORNIA,2023,2,50289.0,52700
BAJA CALIFORNIA,2023,3,54398.0,59900
BAJA CALIFORNIA,2023,4,49832.0,52173
BAJA CALIFORNIA,2023,5,56677.0,59374
BAJA CALIFORNIA,2023,6,43122.0,45558
BAJA CALIFORNIA,2023,7,57176.0,58793
BAJA CALIFORNIA,2023,8,62853.0,64171
BAJA CALIFORNIA,2023,9,59031.0,60812
BAJA CALIFORNIA,2023,10,63493.0,64885
BAJA CALIFORNIA,2023,11,54389.0,55600
BAJA CALIFORNIA,2023,12,54903.0,56687
BAJA CALIFORNIA,2024,1,61458.0,62956
BAJA CALIFORNIA,2024,2,53810.0,57219
BAJA CALIFORNIA,2024,3,52962.0,56978
BAJA CALIFORNIA,2024,4,64554.0,66057
BAJA CALIFORNIA,2024,5,65150.0,66518
BAJA CALIFORNIA,2024,6,60871.0,61915
BAJA CALIFORNIA,2024,7,66192.0,67844
BAJA CALIFORNIA,2024,8,64915.0,66764
BAJA CALIFORNIA,2024,9,63667.0,64785
BAJA CALIFORNIA,2024,10,71849.0,73391
BAJA CALIFORNIA,2024,11,62456.0,64120
BAJA CALIFORNIA,2024,12,61834.0,64448
BAJA CALIFORNIA SUR,2018,1,50519.0,51956
BAJA CALIFORNIA SUR,2018,2,45557.0,47421
BAJA CALIFORNIA SUR,2018,3,48399.0,49253
BAJA CALIFORNIA SUR,2018,4,49396.0,50222
BAJA CALIFORNIA SUR,2018,5,50467.0,51926
BAJA CALIFORNIA SUR,2018,6,45762.0,46708
BAJA CALIFORNIA SUR,2018,7,45875.0,46749
BAJA CALIFORNIA SUR,2018,8,48292.0,49194
BAJA CALIFORNIA SUR,2018,9,46846.0,47535
BAJA CALIFORNIA SUR,2018,10,53738.0,54439
BAJA CALIFORNIA SUR,2018,11,49356.0,50122
BAJA CALIFORNIA SUR,2018,12,44680.0,45160
BAJA CALIFORNIA SUR,2019,1,50869.0,51415
BAJA CALIFORNIA SUR,2019,2,47117.0,47767
BAJA CALIFORNIA SUR,2019,3,29029.0,29530
BAJA CALIFORNIA SUR,2019,4,45141.0,46061
BAJA CALIFORNIA SUR,2019,5,48210.0,49913
BAJA CALIFORNIA SUR,2019,6,45432.0,46651
BAJA CALIFORNIA SUR,2019,7,44659.0,45949
BAJA CALIFORNIA SUR,2019,8,41351.0,42336
BAJA CALIFORNIA SUR,2019,9,45369.0,46463
BAJA CALIFORNIA SUR,2019,10,50768.0,52433
BAJA CALIFORNIA SUR,2019,11,44322.0,45664
BAJA CALIFORNIA SUR,2019,12,43884.0,44710
BAJA CALIFORNIA SUR,2020,1,47259.0,48688
BAJA CALIFORNIA SUR,2020,2,44123.0,46074
BAJA CALIFORNIA SUR,2020,3,43613.0,46217
BAJA CALIFORNIA SUR,2020,4,28574.0,30417
BAJA CALIFORNIA SUR,2020,5,27344.0,29417
BAJA CALIFORNIA SUR,2020,6,29995.0,31402
BAJA CALIFORNIA SUR,2020,7,35854.0,36856
BAJA CALIFORNIA SUR,2020,8,32007.0,33309
BAJA CALIFORNIA SUR,2020,9,33778.0,35224
BAJA CALIFORNIA SUR,2020,10,41209.0,41894
BAJA CALIFORNIA SUR,2020,11,33434.0,34028
BAJA CALIFORNIA SUR,2020,12,35310.0,35914
BAJA CALIFORNIA SUR,2021,1,34021.0,34662
BAJA CALIFORNIA SUR,2021,2,33504.0,34182
BAJA CALIFORNIA SUR,2021,3,35020.0,35621
BAJA CALIFORNIA SUR,2021,4,11175.0,11508
BAJA CALIFORNIA SUR,2021,5,36769.0,37673
BAJA CALIFORNIA SUR,2021,6,38504.0,39779
BAJA CALIFORNIA SUR,2021,7,39619.0,40641
BAJA CALIFORNIA SUR,2021,8,37663.0,38521
BAJA CALIFORNIA SUR,2021,9,40663.0,41722
BAJA CALIFORNIA SUR,2021,10,40658.0,42271
BAJA CALIFORNIA SUR,2021,11,22067.0,23854
BAJA CALIFORNIA SUR,2021,12,39658.0,41705
BAJA CALIFORNIA SUR,2022,1,42388.0,43710
BAJA CALIFORNIA SUR,2022,2,41510.0,43009
BAJA CALIFORNIA SUR,2022,3,48333.0,50013
BAJA CALIFORNIA SUR,2022,4,41971.0,44173
BAJA CALIFORNIA SUR,2022,5,46441.0,48136
BAJA CALIFORNIA SUR,2022,6,28790.0,30058
BAJA CALIFORNIA SUR,2022,7,43495.0,45055
BAJA CALIFORNIA SUR,2022,8,47347.0,49299
BAJA CALIFORNIA SUR,2022,9,44493.0,46176
BAJA CALIFORNIA SUR,2022,10,48189.0,50638
BAJA CALIFORNIA SUR,2022,11,50032.0,51557
BAJA CALIFORNIA SUR,2022,12,47924.0,49638
BAJA CALIFORNIA SUR,2023,1,51122.0,52961
BAJA CALIFORNIA SUR,2023,2,48861.0,50519
BAJA CALIFORNIA SUR,2023,3,52913.0,57420
BAJA CALIFORNIA SUR,2023,4,44988.0,46879
BAJA CALIFORNIA SUR,2023,5,53107.0,54466
BAJA CALIFORNIA SUR,2023,6,39962.0,40942
BAJA CALIFORNIA SUR,2023,7,51459.0,52274
BAJA CALIFORNIA SUR,2023,8,54352.0,54987
BAJA CALIFORNIA SUR,2023,9,53018.0,53943
BAJA CALIFORNIA SUR,2023,10,54968.0,55885
BAJA CALIFORNIA SUR,2023,11,54079.0,54987
BAJA CALIFORNIA SUR,2023,12,47717.0,48604
BAJA CALIFORNIA SUR,2024,1,54742.0,55383
BAJA CALIFORNIA SUR,2024,2,53075.0,54151
BAJA CALIFORNIA SUR,2024,3,50635.0,51355
BAJA CALIFORNIA SUR,2024,4,58421.0,59123
BAJA CALIFORNIA SUR,2024,5,58822.0,59517
BAJA CALIFORNIA SUR,2024,6,54367.0,55096
BAJA CALIFORNIA SUR,2024,7,57734.0,58352
BAJA CALIFORNIA SUR,2024,8,55300.0,55993
BAJA CALIFORNIA SUR,2024,9,56150.0,56705
BAJA CALIFORNIA SUR,2024,10,61511.0,62410
BAJA CALIFORNIA SUR,2024,11,57170.0,57883
BAJA CALIFORNIA SUR,2024,12,53302.0,54180
CAMPECHE,2018,1,37921.0,38077
CAMPECHE,2018,2,31467.0,31564
CAMPECHE,2018,3,33637.0,33708
CAMPECHE,2018,4,36425.0,36569
CAMPECHE,2018,5,36543.0,36967
CAMPECHE,2018,6,34050.0,34423
CAMPECHE,2018,7,36061.0,36435
CAMPECHE,2018,8,37119.0,37414
CAMPECHE,2018,9,34745.0,34926
CAMPECHE,2018,10,39397.0,39642
CAMPECHE,2018,11,34744.0,35106
CAMPECHE,2018,12,32566.0,32932
CAMPECHE,2019,1,37938.0,38477
CAMPECHE,2019,2,33173.0,33804
CAMPECHE,2019,3,20265.0,20683
CAMPECHE,2019,4,33203.0,33927
CAMPECHE,2019,5,35122.0,36118
CAMPECHE,2019,6,33777.0,34443
CAMPECHE,2019,7,36038.0,36660
CAMPECHE,2019,8,21867.0,22213
CAMPECHE,2019,9,33239.0,33823
CAMPECHE,2019,10,37433.0,38135
CAMPECHE,2019,11,34550.0,35074
CAMPECHE,2019,12,33344.0,33743
CAMPECHE,2020,1,35035.0,36120
CAMPECHE,2020,2,30020.0,31522
CAMPECHE,2020,3,31670.0,33682
CAMPECHE,2020,4,20719.0,22019
CAMPECHE,2020,5,18703.0,19928
CAMPECHE,2020,6,22079.0,23101
CAMPECHE,2020,7,24186.0,25023
CAMPECHE,2020,8,23711.0,24510
CAMPECHE,2020,9,26318.0,26863
CAMPECHE,2020,10,28993.0,29566
CAMPECHE,2020,11,23512.0,24006
CAMPECHE,2020,12,27565.0,28061
CAMPECHE,2021,1,28245.0,28771
CAMPECHE,2021,2,27089.0,27565
CAMPECHE,2021,3,25755.0,26226
CAMPECHE,2021,4,6842.0,7197
CAMPECHE,2021,5,29385.0,30186
CAMPECHE,2021,6,28922.0,29883
CAMPECHE,2021,7,30126.0,31201
CAMPECHE,2021,8,26988.0,28805
CAMPECHE,2021,9,28316.0,30402
CAMPECHE,2021,10,28711.0,30653
CAMPECHE,2021,11,15628.0,16805
CAMPECHE,2021,12,29328.0,31147
CAMPECHE,2022,1,30386.0,32053
CAMPECHE,2022,2,28217.0,29656
CAMPECHE,2022,3,32777.0,35420
CAMPECHE,2022,4,27331.0,30488
CAMPECHE,2022,5,30832.0,33620
CAMPECHE,2022,6,19295.0,21058
CAMPECHE,2022,7,31153.0,34267
CAMPECHE,2022,8,31814.0,35088
CAMPECHE,2022,9,28114.0,30212
CAMPECHE,2022,10,31492.0,34112
CAMPECHE,2022,11,32574.0,34957
CAMPECHE,2022,12,32044.0,34627
CAMPECHE,2023,1,35738.0,37640
CAMPECHE,2023,2,30509.0,32649
CAMPECHE,2023,3,34821.0,39555
CAMPECHE,2023,4,29689.0,32433
CAMPECHE,2023,5,36296.0,38825
CAMPECHE,2023,6,26047.0,28714
CAMPECHE,2023,7,34916.0,36173
CAMPECHE,2023,8,36742.0,37650
CAMPECHE,2023,9,35047.0,35861
CAMPECHE,2023,10,36083.0,36683
CAMPECHE,2023,11,32144.0,33275
CAMPECHE,2023,12,32438.0,33747
CAMPECHE,2024,1,39947.0,41118
CAMPECHE,2024,2,36064.0,37440
CAMPECHE,2024,3,32398.0,34546
CAMPECHE,2024,4,39510.0,40522
CAMPECHE,2024,5,39521.0,40263
CAMPECHE,2024,6,36661.0,37086
CAMPECHE,2024,7,40027.0,40538
CAMPECHE,2024,8,37815.0,38129
CAMPECHE,2024,9,35903.0,36348
CAMPECHE,2024,10,39299.0,39841
CAMPECHE,2024,11,36524.0,37098
CAMPECHE,2024,12,35264.0,36479
CDMX,2018,1,667801.0,670242
CDMX,2018,2,595107.0,597071
CDMX,2018,3,605724.0,608325
CDMX,2018,4,625423.0,629397
CDMX,2018,5,640312.0,643898
CDMX,2018,6,557383.0,560537
CDMX,2018,7,635922.0,640099
CDMX,2018,8,653524.0,657291
CDMX,2018,9,606796.0,610769
CDMX,2018,10,668470.0,672158
CDMX,2018,11,599000.0,602166
CDMX,2018,12,566426.0,568695
CDMX,2019,1,657560.0,661128
CDMX,2019,2,584596.0,588447
CDMX,2019,3,379900.0,382212
CDMX,2019,4,587043.0,591393
CDMX,2019,5,620885.0,625065
CDMX,2019,6,586777.0,590427
CDMX,2019,7,623967.0,627733
CDMX,2019,8,615458.0,619347
CDMX,2019,9,598439.0,602337
CDMX,2019,10,658066.0,662399
CDMX,2019,11,599448.0,603769
CDMX,2019,12,593889.0,598330
CDMX,2020,1,620519.0,625937
CDMX,2020,2,574702.0,581066
CDMX,2020,3,567870.0,574445
CDMX,2020,4,342846.0,347521
CDMX,2020,5,299768.0,304950
CDMX,2020,6,329643.0,335217
CDMX,2020,7,380771.0,385926
CDMX,2020,8,383064.0,387667
CDMX,2020,9,408822.0,413768
CDMX,2020,10,465057.0,469911
CDMX,2020,11,353675.0,359154
CDMX,2020,12,411916.0,417899
CDMX,2021,1,390848.0,396120
CDMX,2021,2,379539.0,385273
CDMX,2021,3,373204.0,378903
CDMX,2021,4,130130.0,133680
CDMX,2021,5,441688.0,449023
CDMX,2021,6,466495.0,474607
CDMX,2021,7,513436.0,521129
CDMX,2021,8,501758.0,509277
CDMX,2021,9,528388.0,535156
CDMX,2021,10,524787.0,533484
CDMX,2021,11,302044.0,307306
CDMX,2021,12,521046.0,529305
CDMX,2022,1,529718.0,537892
CDMX,2022,2,507285.0,515559
CDMX,2022,3,590807.0,601760
CDMX,2022,4,533189.0,544268
CDMX,2022,5,588620.0,597487
CDMX,2022,6,357054.0,362211
CDMX,2022,7,580016.0,589130
CDMX,2022,8,610139.0,618728
CDMX,2022,9,555765.0,564872
CDMX,2022,10,607431.0,618903
CDMX,2022,11,611897.0,621076
CDMX,2022,12,599129.0,607729
CDMX,2023,1,646669.0,653820
CDMX,2023,2,596178.0,605907
CDMX,2023,3,673247.0,694830
CDMX,2023,4,580662.0,591814
CDMX,2023,5,667476.0,678764
CDMX,2023,6,496318.0,502913
CDMX,2023,7,641433.0,649783
CDMX,2023,8,689200.0,696717
CDMX,2023,9,665206.0,672898
CDMX,2023,10,706195.0,713970
CDMX,2023,11,639965.0,648380
CDMX,2023,12,601995.0,608957
CDMX,2024,1,704510.0,712617
CDMX,2024,2,663411.0,671774
CDMX,2024,3,615138.0,624387
CDMX,2024,4,685953.0,695389
CDMX,2024,5,678307.0,687952
CDMX,2024,6,598933.0,608436
CDMX,2024,7,656934.0,668151
CDMX,2024,8,616408.0,628093
CDMX,2024,9,581757.0,594976
CDMX,2024,10,633828.0,650283
CDMX,2024,11,568566.0,584851
CDMX,2024,12,553581.0,571174
CHIAPAS,2018,1,87539.0,89107
CHIAPAS,2018,2,78717.0,80716
CHIAPAS,2018,3,80945.0,82523
CHIAPAS,2018,4,84636.0,86448
CHIAPAS,2018,5,86083.0,88329
CHIAPAS,2018,6,72253.0,74454
CHIAPAS,2018,7,78686.0,82105
CHIAPAS,2018,8,85376.0,88776
CHIAPAS,2018,9,80764.0,82616
CHIAPAS,2018,10,86810.0,89293
CHIAPAS,2018,11,82272.0,84561
CHIAPAS,2018,12,67539.0,68977
CHIAPAS,2019,1,84781.0,86767
CHIAPAS,2019,2,77088.0,79814
CHIAPAS,2019,3,51287.0,52890
CHIAPAS,2019,4,73299.0,75792
CHIAPAS,2019,5,80356.0,83419
CHIAPAS,2019,6,79179.0,81649
CHIAPAS,2019,7,78782.0,80783
CHIAPAS,2019,8,67987.0,69629
CHIAPAS,2019,9,81334.0,83142
CHIAPAS,2019,10,87782.0,90296
CHIAPAS,2019,11,81220.0,83707
CHIAPAS,2019,12,74016.0,75237
CHIAPAS,2020,1,76841.0,79283
CHIAPAS,2020,2,76807.0,79153
CHIAPAS,2020,3,75330.0,77414
CHIAPAS,2020,4,43523.0,44896
CHIAPAS,2020,5,37194.0,38565
CHIAPAS,2020,6,40952.0,42338
CHIAPAS,2020,7,44336.0,45789
CHIAPAS,2020,8,44348.0,45439
CHIAPAS,2020,9,53246.0,54357
CHIAPAS,2020,10,59231.0,60601
CHIAPAS,2020,11,50470.0,51360
CHIAPAS,2020,12,58769.0,59667
CHIAPAS,2021,1,55562.0,56715
CHIAPAS,2021,2,48361.0,49447
CHIAPAS,2021,3,53566.0,54748
CHIAPAS,2021,4,14880.0,15499
CHIAPAS,2021,5,62662.0,63958
CHIAPAS,2021,6,64159.0,65530
CHIAPAS,2021,7,69395.0,70803
CHIAPAS,2021,8,66905.0,68242
CHIAPAS,2021,9,68387.0,69757
CHIAPAS,2021,10,68138.0,69193
CHIAPAS,2021,11,38191.0,38869
CHIAPAS,2021,12,63254.0,64551
CHIAPAS,2022,1,74257.0,75369
CHIAPAS,2022,2,68042.0,69310
CHIAPAS,2022,3,78015.0,79458
CHIAPAS,2022,4,66333.0,67581
CHIAPAS,2022,5,75706.0,76981
CHIAPAS,2022,6,47256.0,48138
CHIAPAS,2022,7,73780.0,75118
CHIAPAS,2022,8,79797.0,81096
CHIAPAS,2022,9,71802.0,72977
CHIAPAS,2022,10,79068.0,80396
CHIAPAS,2022,11,79174.0,80678
CHIAPAS,2022,12,70056.0,71285
CHIAPAS,2023,1,83700.0,84691
CHIAPAS,2023,2,78613.0,80265
CHIAPAS,2023,3,87687.0,90835
CHIAPAS,2023,4,76166.0,77578
CHIAPAS,2023,5,87978.0,89680
CHIAPAS,2023,6,64688.0,66006
CHIAPAS,2023,7,83901.0,85249
CHIAPAS,2023,8,95260.0,96659
CHIAPAS,2023,9,87534.0,88993
CHIAPAS,2023,10,92902.0,95053
CHIAPAS,2023,11,91646.0,93578
CHIAPAS,2023,12,77787.0,79489
CHIAPAS,2024,1,95931.0,97316
CHIAPAS,2024,2,89997.0,92544
CHIAPAS,2024,3,81812.0,85707
CHIAPAS,2024,4,97045.0,98988
CHIAPAS,2024,5,98752.0,100236
CHIAPAS,2024,6,88720.0,90080
CHIAPAS,2024,7,99611.0,101264
CHIAPAS,2024,8,100479.0,102007
CHIAPAS,2024,9,94882.0,96316
CHIAPAS,2024,10,108675.0,110322
CHIAPAS,2024,11,98206.0,99661
CHIAPAS,2024,12,92063.0,94233
CHIHUAHUA,2018,1,122011.0,124534
CHIHUAHUA,2018,2,111034.0,113976
CHIHUAHUA,2018,3,109241.0,111533
CHIHUAHUA,2018,4,115794.0,117896
CHIHUAHUA,2018,5,117321.0,120803
CHIHUAHUA,2018,6,97309.0,100543
CHIHUAHUA,2018,7,114471.0,117526
CHIHUAHUA,2018,8,120629.0,124165
CHIHUAHUA,2018,9,110104.0,113045
CHIHUAHUA,2018,10,120934.0,123819
CHIHUAHUA,2018,11,109784.0,111925
CHIHUAHUA,2018,12,106559.0,108522
CHIHUAHUA,2019,1,120736.0,123079
CHIHUAHUA,2019,2,105688.0,108390
CHIHUAHUA,2019,3,70286.0,72018
CHIHUAHUA,2019,4,103419.0,107016
CHIHUAHUA,2019,5,111599.0,115017
CHIHUAHUA,2019,6,105869.0,108861
CHIHUAHUA,2019,7,113023.0,115885
CHIHUAHUA,2019,8,107991.0,109983
CHIHUAHUA,2019,9,108188.0,110668
CHIHUAHUA,2019,10,122299.0,125413
CHIHUAHUA,2019,11,110690.0,113375
CHIHUAHUA,2019,12,108177.0,109742
CHIHUAHUA,2020,1,117102.0,120701
CHIHUAHUA,2020,2,108872.0,113728
CHIHUAHUA,2020,3,106841.0,113588
CHIHUAHUA,2020,4,75575.0,81177
CHIHUAHUA,2020,5,71117.0,77989
CHIHUAHUA,2020,6,76157.0,84760
CHIHUAHUA,2020,7,85057.0,91476
CHIHUAHUA,2020,8,86415.0,91359
CHIHUAHUA,2020,9,95510.0,99945
CHIHUAHUA,2020,10,103453.0,107133
CHIHUAHUA,2020,11,77118.0,80001
CHIHUAHUA,2020,12,93108.0,95343
CHIHUAHUA,2021,1,95861.0,98385
CHIHUAHUA,2021,2,87894.0,90397
CHIHUAHUA,2021,3,90404.0,93036
CHIHUAHUA,2021,4,22069.0,23432
CHIHUAHUA,2021,5,112398.0,114732
CHIHUAHUA,2021,6,106570.0,108968
CHIHUAHUA,2021,7,112216.0,114729
CHIHUAHUA,2021,8,105302.0,107419
CHIHUAHUA,2021,9,110720.0,113478
CHIHUAHUA,2021,10,109027.0,111309
CHIHUAHUA,2021,11,62706.0,64440
CHIHUAHUA,2021,12,104306.0,106954
CHIHUAHUA,2022,1,111594.0,113313
CHIHUAHUA,2022,2,103096.0,105395
CHIHUAHUA,2022,3,122583.0,125228
CHIHUAHUA,2022,4,108026.0,110171
CHIHUAHUA,2022,5,118916.0,120978
CHIHUAHUA,2022,6,73432.0,74474
CHIHUAHUA,2022,7,112986.0,114741
CHIHUAHUA,2022,8,119005.0,120797
CHIHUAHUA,2022,9,107113.0,109790
CHIHUAHUA,2022,10,116772.0,119799
CHIHUAHUA,2022,11,116821.0,119838
CHIHUAHUA,2022,12,113746.0,116047
CHIHUAHUA,2023,1,129335.0,131129
CHIHUAHUA,2023,2,115911.0,118606
CHIHUAHUA,2023,3,129432.0,136918
CHIHUAHUA,2023,4,115954.0,118960
CHIHUAHUA,2023,5,134677.0,137239
CHIHUAHUA,2023,6,97183.0,98795
CHIHUAHUA,2023,7,125552.0,126856
CHIHUAHUA,2023,8,137078.0,138107
CHIHUAHUA,2023,9,131760.0,133136
CHIHUAHUA,2023,10,139559.0,141345
CHIHUAHUA,2023,11,126045.0,127940
CHIHUAHUA,2023,12,119827.0,122079
CHIHUAHUA,2024,1,142116.0,143281
CHIHUAHUA,2024,2,132116.0,136296
CHIHUAHUA,2024,3,124857.0,128814
CHIHUAHUA,2024,4,146266.0,148057
CHIHUAHUA,2024,5,148025.0,149981
CHIHUAHUA,2024,6,132881.0,134807
CHIHUAHUA,2024,7,149437.0,151126
CHIHUAHUA,2024,8,143687.0,145998
CHIHUAHUA,2024,9,136591.0,138891
CHIHUAHUA,2024,10,146867.0,150487
CHIHUAHUA,2024,11,118930.0,123176
CHIHUAHUA,2024,12,108784.0,114421
COAHUILA,2018,1,86138.0,88071
COAHUILA,2018,2,80847.0,83406
COAHUILA,2018,3,83068.0,85369
COAHUILA,2018,4,84160.0,86245
COAHUILA,2018,5,87049.0,90825
COAHUILA,2018,6,63686.0,66108
COAHUILA,2018,7,87914.0,90255
COAHUILA,2018,8,82995.0,85884
COAHUILA,2018,9,78526.0,80519
COAHUILA,2018,10,90090.0,92681
COAHUILA,2018,11,82300.0,84063
COAHUILA,2018,12,73125.0,74562
COAHUILA,2019,1,74731.0,76344
COAHUILA,2019,2,81661.0,83942
COAHUILA,2019,3,55748.0,57223
COAHUILA,2019,4,77374.0,80002
COAHUILA,2019,5,81882.0,84972
COAHUILA,2019,6,74486.0,76643
COAHUILA,2019,7,78675.0,80675
COAHUILA,2019,8,74277.0,76031
COAHUILA,2019,9,76188.0,78029
COAHUILA,2019,10,83596.0,85793
COAHUILA,2019,11,73903.0,76104
COAHUILA,2019,12,82758.0,84359
COAHUILA,2020,1,83972.0,88013
COAHUILA,2020,2,80998.0,85235
COAHUILA,2020,3,73465.0,77852
COAHUILA,2020,4,41370.0,44224
COAHUILA,2020,5,40443.0,43494
COAHUILA,2020,6,47429.0,51151
COAHUILA,2020,7,48922.0,51697
COAHUILA,2020,8,51341.0,53167
COAHUILA,2020,9,58832.0,60440
COAHUILA,2020,10,64601.0,66550
COAHUILA,2020,11,47888.0,49236
COAHUILA,2020,12,52701.0,53523
COAHUILA,2021,1,53112.0,54123
COAHUILA,2021,2,50579.0,51768
COAHUILA,2021,3,59211.0,60481
COAHUILA,2021,4,15083.0,15913
COAHUILA,2021,5,63509.0,65691
COAHUILA,2021,6,68665.0,71078
COAHUILA,2021,7,69483.0,71561
COAHUILA,2021,8,68246.0,70078
COAHUILA,2021,9,70955.0,73210
COAHUILA,2021,10,71736.0,73804
COAHUILA,2021,11,39260.0,40824
COAHUILA,2021,12,71499.0,73408
COAHUILA,2022,1,73846.0,75233
COAHUILA,2022,2,66302.0,67862
COAHUILA,2022,3,79147.0,81645
COAHUILA,2022,4,70132.0,72481
COAHUILA,2022,5,75038.0,76806
COAHUILA,2022,6,47768.0,48978
COAHUILA,2022,7,74444.0,75955
COAHUILA,2022,8,79479.0,80699
COAHUILA,2022,9,74878.0,76373
COAHUILA,2022,10,79380.0,81440
COAHUILA,2022,11,83257.0,85100
COAHUILA,2022,12,75037.0,76658
COAHUILA,2023,1,89604.0,90717
COAHUILA,2023,2,78778.0,79831
COAHUILA,2023,3,88224.0,92186
COAHUILA,2023,4,73414.0,76385
COAHUILA,2023,5,85989.0,88170
COAHUILA,2023,6,62721.0,63838
COAHUILA,2023,7,78324.0,79423
COAHUILA,2023,8,91656.0,92897
COAHUILA,2023,9,85325.0,86722
COAHUILA,2023,10,89285.0,90650
COAHUILA,2023,11,90104.0,91241
COAHUILA,2023,12,78104.0,79350
COAHUILA,2024,1,96671.0,97691
COAHUILA,2024,2,90155.0,91830
COAHUILA,2024,3,85962.0,88254
COAHUILA,2024,4,102132.0,103364
COAHUILA,2024,5,100191.0,101312
COAHUILA,2024,6,87415.0,88371
COAHUILA,2024,7,100492.0,101535
COAHUILA,2024,8,97281.0,98405
COAHUILA,2024,9,96745.0,97941
COAHUILA,2024,10,106776.0,108672
COAHUILA,2024,11,97772.0,99417
COAHUILA,2024,12,89368.0,91298
COLIMA,2018,1,22507.0,22648
COLIMA,2018,2,19828.0,19953
COLIMA,2018,3,20206.0,20324
COLIMA,2018,4,20498.0,20695
COLIMA,2018,5,21032.0,21267
COLIMA,2018,6,18557.0,18941
COLIMA,2018,7,18783.0,19133
COLIMA,2018,8,20746.0,21082
COLIMA,2018,9,19606.0,19907
COLIMA,2018,10,21766.0,22075
COLIMA,2018,11,20000.0,20284
COLIMA,2018,12,17637.0,17964
COLIMA,2019,1,20692.0,21286
COLIMA,2019,2,18152.0,18785
COLIMA,2019,3,12373.0,12694
COLIMA,2019,4,18933.0,19524
COLIMA,2019,5,20793.0,21303
COLIMA,2019,6,19346.0,19744
COLIMA,2019,7,20936.0,21327
COLIMA,2019,8,11537.0,11769
COLIMA,2019,9,20767.0,21104
COLIMA,2019,10,23944.0,24272
COLIMA,2019,11,22512.0,22946
COLIMA,2019,12,21303.0,21601
COLIMA,2020,1,23686.0,24135
COLIMA,2020,2,22553.0,23120
COLIMA,2020,3,21756.0,22369
COLIMA,2020,4,14841.0,15453
COLIMA,2020,5,13041.0,13765
COLIMA,2020,6,15814.0,16489
COLIMA,2020,7,16219.0,16914
COLIMA,2020,8,14409.0,15061
COLIMA,2020,9,16069.0,16503
COLIMA,2020,10,17382.0,17666
COLIMA,2020,11,14345.0,14468
COLIMA,2020,12,17511.0,17614
COLIMA,2021,1,16315.0,16497
COLIMA,2021,2,14951.0,15288
COLIMA,2021,3,15860.0,16317
COLIMA,2021,4,4690.0,4898
COLIMA,2021,5,18792.0,19457
COLIMA,2021,6,18345.0,18683
COLIMA,2021,7,20394.0,20971
COLIMA,2021,8,19313.0,19954
COLIMA,2021,9,20697.0,21078
COLIMA,2021,10,20575.0,20864
COLIMA,2021,11,12183.0,12432
COLIMA,2021,12,19550.0,20027
COLIMA,2022,1,21135.0,21407
COLIMA,2022,2,18736.0,19224
COLIMA,2022,3,22696.0,23203
COLIMA,2022,4,20174.0,20592
COLIMA,2022,5,22820.0,23043
COLIMA,2022,6,13888.0,14123
COLIMA,2022,7,21078.0,21599
COLIMA,2022,8,24157.0,24482
COLIMA,2022,9,20956.0,21354
COLIMA,2022,10,22268.0,23039
COLIMA,2022,11,22907.0,23280
COLIMA,2022,12,22341.0,22673
COLIMA,2023,1,24216.0,24532
COLIMA,2023,2,22788.0,23564
COLIMA,2023,3,24117.0,25888
COLIMA,2023,4,21306.0,22638
COLIMA,2023,5,24969.0,26003
COLIMA,2023,6,17814.0,18749
COLIMA,2023,7,23687.0,24236
COLIMA,2023,8,26763.0,27352
COLIMA,2023,9,26147.0,26690
COLIMA,2023,10,27592.0,28591
COLIMA,2023,11,25649.0,26123
COLIMA,2023,12,22471.0,22835
COLIMA,2024,1,27832.0,28268
COLIMA,2024,2,27559.0,28028
COLIMA,2024,3,25277.0,26499
COLIMA,2024,4,29521.0,30247
COLIMA,2024,5,31304.0,31593
COLIMA,2024,6,27110.0,27362
COLIMA,2024,7,29522.0,29923
COLIMA,2024,8,27462.0,27821
COLIMA,2024,9,27614.0,27905
COLIMA,2024,10,29575.0,30073
COLIMA,2024,11,25207.0,25781
COLIMA,2024,12,22917.0,23663
DURANGO,2018,1,104030.0,105059
DURANGO,2018,2,91842.0,93167
DURANGO,2018,3,94921.0,95926
DURANGO,2018,4,96947.0,99028
DURANGO,2018,5,99838.0,102056
DURANGO,2018,6,81852.0,83278
DURANGO,2018,7,94471.0,95988
DURANGO,2018,8,100763.0,102368
DURANGO,2018,9,94002.0,95069
DURANGO,2018,10,105792.0,107137
DURANGO,2018,11,99507.0,100754
DURANGO,2018,12,84019.0,84896
DURANGO,2019,1,102942.0,104246
DURANGO,2019,2,88334.0,89776
DURANGO,2019,3,58157.0,59046
DURANGO,2019,4,90325.0,92051
DURANGO,2019,5,97575.0,98991
DURANGO,2019,6,87095.0,88017
DURANGO,2019,7,99517.0,100319
DURANGO,2019,8,90546.0,91178
DURANGO,2019,9,97856.0,98830
DURANGO,2019,10,107838.0,108867
DURANGO,2019,11,100505.0,101511
DURANGO,2019,12,91037.0,91782
DURANGO,2020,1,99293.0,100999
DURANGO,2020,2,95176.0,97214
DURANGO,2020,3,88638.0,90359
DURANGO,2020,4,60196.0,61365
DURANGO,2020,5,57971.0,59331
DURANGO,2020,6,57724.0,58848
DURANGO,2020,7,64414.0,65454
DURANGO,2020,8,70323.0,70940
DURANGO,2020,9,72363.0,72984
DURANGO,2020,10,80530.0,81220
DURANGO,2020,11,56750.0,57263
DURANGO,2020,12,64046.0,64642
DURANGO,2021,1,71520.0,72214
DURANGO,2021,2,70022.0,70636
DURANGO,2021,3,71602.0,72163
DURANGO,2021,4,17738.0,18247
DURANGO,2021,5,71846.0,72505
DURANGO,2021,6,79551.0,80232
DURANGO,2021,7,82829.0,83540
DURANGO,2021,8,83204.0,83926
DURANGO,2021,9,86085.0,86803
DURANGO,2021,10,85895.0,86771
DURANGO,2021,11,51796.0,52261
DURANGO,2021,12,80907.0,81587
DURANGO,2022,1,89478.0,90067
DURANGO,2022,2,82954.0,83418
DURANGO,2022,3,98882.0,99652
DURANGO,2022,4,83342.0,84034
DURANGO,2022,5,91282.0,92248
DURANGO,2022,6,57877.0,58408
DURANGO,2022,7,90822.0,91601
DURANGO,2022,8,100437.0,101334
DURANGO,2022,9,89898.0,90772
DURANGO,2022,10,94382.0,95391
DURANGO,2022,11,101692.0,102668
DURANGO,2022,12,88984.0,89707
DURANGO,2023,1,107628.0,108382
DURANGO,2023,2,95579.0,96905
DURANGO,2023,3,108263.0,112634
DURANGO,2023,4,94071.0,95585
DURANGO,2023,5,108220.0,109765
DURANGO,2023,6,76464.0,77595
DURANGO,2023,7,103980.0,104824
DURANGO,2023,8,113169.0,114059
DURANGO,2023,9,111123.0,111757
DURANGO,2023,10,115001.0,116083
DURANGO,2023,11,112477.0,113407
DURANGO,2023,12,91821.0,92606
DURANGO,2024,1,123904.0,124544
DURANGO,2024,2,109543.0,110679
DURANGO,2024,3,100863.0,102427
DURANGO,2024,4,118804.0,119436
DURANGO,2024,5,119916.0,120555
DURANGO,2024,6,103040.0,103569
DURANGO,2024,7,124556.0,125024
DURANGO,2024,8,123865.0,124419
DURANGO,2024,9,121698.0,122057
DURANGO,2024,10,131207.0,131802
DURANGO,2024,11,102483.0,103570
DURANGO,2024,12,86249.0,87183
GUANAJUATO,2018,1,105348.0,107936
GUANAJUATO,2018,2,96823.0,99542
GUANAJUATO,2018,3,96223.0,99201
GUANAJUATO,2018,4,102784.0,105784
GUANAJUATO,2018,5,102405.0,107066
GUANAJUATO,2018,6,90781.0,94812
GUANAJUATO,2018,7,96300.0,100238
GUANAJUATO,2018,8,105780.0,109604
GUANAJUATO,2018,9,99121.0,102644
GUANAJUATO,2018,10,110738.0,114559
GUANAJUATO,2018,11,102377.0,106625
GUANAJUATO,2018,12,88085.0,92610
GUANAJUATO,2019,1,106517.0,108992
GUANAJUATO,2019,2,97897.0,101644
GUANAJUATO,2019,3,64039.0,65969
GUANAJUATO,2019,4,93543.0,97848
GUANAJUATO,2019,5,103278.0,108313
GUANAJUATO,2019,6,96462.0,100254
GUANAJUATO,2019,7,99862.0,103542
GUANAJUATO,2019,8,96991.0,99686
GUANAJUATO,2019,9,96987.0,100174
GUANAJUATO,2019,10,107928.0,111945
GUANAJUATO,2019,11,100931.0,104721
GUANAJUATO,2019,12,92214.0,95278
GUANAJUATO,2020,1,98670.0,104340
GUANAJUATO,2020,2,100019.0,105921
GUANAJUATO,2020,3,100620.0,107343
GUANAJUATO,2020,4,56125.0,60373
GUANAJUATO,2020,5,53154.0,57317
GUANAJUATO,2020,6,60357.0,65218
GUANAJUATO,2020,7,65276.0,70416
GUANAJUATO,2020,8,68606.0,72543
GUANAJUATO,2020,9,69247.0,72584
GUANAJUATO,2020,10,81278.0,84331
GUANAJUATO,2020,11,68016.0,70576
GUANAJUATO,2020,12,73937.0,76094
GUANAJUATO,2021,1,65627.0,67903
GUANAJUATO,2021,2,63770.0,66014
GUANAJUATO,2021,3,66637.0,68972
GUANAJUATO,2021,4,19599.0,21014
GUANAJUATO,2021,5,76952.0,79625
GUANAJUATO,2021,6,80122.0,82761
GUANAJUATO,2021,7,84172.0,87398
GUANAJUATO,2021,8,84133.0,87114
GUANAJUATO,2021,9,88021.0,91159
GUANAJUATO,2021,10,89062.0,91824
GUANAJUATO,2021,11,48546.0,50900
GUANAJUATO,2021,12,80825.0,84228
GUANAJUATO,2022,1,89897.0,92426
GUANAJUATO,2022,2,86649.0,88765
GUANAJUATO,2022,3,103821.0,106595
GUANAJUATO,2022,4,89521.0,92163
GUANAJUATO,2022,5,102280.0,104755
GUANAJUATO,2022,6,60718.0,62897
GUANAJUATO,2022,7,101835.0,105077
GUANAJUATO,2022,8,104756.0,107754
GUANAJUATO,2022,9,100240.0,103111
GUANAJUATO,2022,10,105279.0,109300
GUANAJUATO,2022,11,110961.0,114341
GUANAJUATO,2022,12,102674.0,105750
GUANAJUATO,2023,1,114121.0,116214
GUANAJUATO,2023,2,105566.0,108371
GUANAJUATO,2023,3,120829.0,124367
GUANAJUATO,2023,4,103875.0,106650
GUANAJUATO,2023,5,120751.0,124456
GUANAJUATO,2023,6,88093.0,91045
GUANAJUATO,2023,7,114724.0,116926
GUANAJUATO,2023,8,126248.0,128174
GUANAJUATO,2023,9,123302.0,125627
GUANAJUATO,2023,10,132468.0,135046
GUANAJUATO,2023,11,129172.0,130811
GUANAJUATO,2023,12,109720.0,111642
GUANAJUATO,2024,1,134955.0,136190
GUANAJUATO,2024,2,130115.0,132101
GUANAJUATO,2024,3,113357.0,116136
GUANAJUATO,2024,4,129335.0,130841
GUANAJUATO,2024,5,138701.0,140147
GUANAJUATO,2024,6,129676.0,130948
GUANAJUATO,2024,7,134066.0,135301
GUANAJUATO,2024,8,138824.0,139948
GUANAJUATO,2024,9,140455.0,141438
GUANAJUATO,2024,10,148107.0,148937
GUANAJUATO,2024,11,134773.0,136202
GUANAJUATO,2024,12,124937.0,127714
GUERRERO,2018,1,112946.0,113563
GUERRERO,2018,2,101258.0,102046
GUERRERO,2018,3,104311.0,105215
GUERRERO,2018,4,107768.0,108650
GUERRERO,2018,5,109282.0,110594
GUERRERO,2018,6,84912.0,87163
GUERRERO,2018,7,103316.0,105805
GUERRERO,2018,8,108667.0,110691
GUERRERO,2018,9,102693.0,105103
GUERRERO,2018,10,105559.0,107699
GUERRERO,2018,11,101876.0,103800
GUERRERO,2018,12,86238.0,87374
GUERRERO,2019,1,107832.0,109548
GUERRERO,2019,2,97800.0,100358
GUERRERO,2019,3,61487.0,62852
GUERRERO,2019,4,93782.0,95784
GUERRERO,2019,5,106779.0,108399
GUERRERO,2019,6,98159.0,99915
GUERRERO,2019,7,98904.0,100725
GUERRERO,2019,8,100070.0,101558
GUERRERO,2019,9,97338.0,99446
GUERRERO,2019,10,111106.0,113000
GUERRERO,2019,11,98492.0,100154
GUERRERO,2019,12,89452.0,90834
GUERRERO,2020,1,102791.0,104672
GUERRERO,2020,2,99612.0,101695
GUERRERO,2020,3,98000.0,100977
GUERRERO,2020,4,54615.0,55904
GUERRERO,2020,5,45801.0,47326
GUERRERO,2020,6,49362.0,50933
GUERRERO,2020,7,56628.0,58057
GUERRERO,2020,8,61088.0,62128
GUERRERO,2020,9,63410.0,64396
GUERRERO,2020,10,70826.0,72011
GUERRERO,2020,11,57790.0,58913
GUERRERO,2020,12,62722.0,63687
GUERRERO,2021,1,63305.0,64186
GUERRERO,2021,2,58829.0,59731
GUERRERO,2021,3,60308.0,61148
GUERRERO,2021,4,19619.0,19944
GUERRERO,2021,5,62323.0,63225
GUERRERO,2021,6,71211.0,72270
GUERRERO,2021,7,77524.0,78603
GUERRERO,2021,8,68634.0,69711
GUERRERO,2021,9,65017.0,65775
GUERRERO,2021,10,70812.0,72018
GUERRERO,2021,11,44650.0,45363
GUERRERO,2021,12,68286.0,69381
GUERRERO,2022,1,82909.0,86368
GUERRERO,2022,2,75425.0,76240
GUERRERO,2022,3,88202.0,89371
GUERRERO,2022,4,77776.0,78993
GUERRERO,2022,5,88017.0,88962
GUERRERO,2022,6,53835.0,54595
GUERRERO,2022,7,85771.0,88064
GUERRERO,2022,8,91905.0,94021
GUERRERO,2022,9,84874.0,87163
GUERRERO,2022,10,91349.0,93297
GUERRERO,2022,11,95730.0,97640
GUERRERO,2022,12,83147.0,84525
GUERRERO,2023,1,102701.0,104123
GUERRERO,2023,2,90921.0,93519
GUERRERO,2023,3,104128.0,110705
GUERRERO,2023,4,88542.0,91261
GUERRERO,2023,5,98892.0,103865
GUERRERO,2023,6,77957.0,79829
GUERRERO,2023,7,95618.0,97772
GUERRERO,2023,8,106140.0,108051
GUERRERO,2023,9,103331.0,106009
GUERRERO,2023,10,96238.0,98057
GUERRERO,2023,11,90058.0,91315
GUERRERO,2023,12,76127.0,77304
GUERRERO,2024,1,97655.0,98592
GUERRERO,2024,2,88698.0,91444
GUERRERO,2024,3,83953.0,86730
GUERRERO,2024,4,99814.0,102206
GUERRERO,2024,5,97824.0,100952
GUERRERO,2024,6,91586.0,94043
GUERRERO,2024,7,100816.0,103093
GUERRERO,2024,8,104104.0,105990
GUERRERO,2024,9,93220.0,95561
GUERRERO,2024,10,114942.0,117375
GUERRERO,2024,11,102370.0,104619
GUERRERO,2024,12,93100.0,95554
HIDALGO,2018,1,91638.0,93139
HIDALGO,2018,2,84263.0,85722
HIDALGO,2018,3,87620.0,88999
HIDALGO,2018,4,89103.0,91109
HIDALGO,2018,5,90209.0,92723
HIDALGO,2018,6,79276.0,82176
HIDALGO,2018,7,79573.0,82490
HIDALGO,2018,8,90444.0,93368
HIDALGO,2018,9,79292.0,82291
HIDALGO,2018,10,87574.0,90548
HIDALGO,2018,11,83821.0,86260
HIDALGO,2018,12,74235.0,75815
HIDALGO,2019,1,87399.0,89166
HIDALGO,2019,2,82040.0,84164
HIDALGO,2019,3,54199.0,55882
HIDALGO,2019,4,88788.0,91252
HIDALGO,2019,5,93189.0,95328
HIDALGO,2019,6,88068.0,90330
HIDALGO,2019,7,91828.0,93722
HIDALGO,2019,8,72005.0,73961
HIDALGO,2019,9,91306.0,93678
HIDALGO,2019,10,100518.0,102852
HIDALGO,2019,11,97480.0,99735
HIDALGO,2019,12,87033.0,89262
HIDALGO,2020,1,96220.0,98703
HIDALGO,2020,2,92113.0,95407
HIDALGO,2020,3,90224.0,94397
HIDALGO,2020,4,61877.0,64389
HIDALGO,2020,5,56233.0,58923
HIDALGO,2020,6,58387.0,60863
HIDALGO,2020,7,68472.0,71719
HIDALGO,2020,8,66053.0,68314
HIDALGO,2020,9,67079.0,68968
HIDALGO,2020,10,75279.0,77199
HIDALGO,2020,11,59578.0,61329
HIDALGO,2020,12,68382.0,69690
HIDALGO,2021,1,63471.0,64656
HIDALGO,2021,2,60374.0,61853
HIDALGO,2021,3,62548.0,63620
HIDALGO,2021,4,22038.0,22829
HIDALGO,2021,5,69410.0,71127
HIDALGO,2021,6,73494.0,74884
HIDALGO,2021,7,80189.0,81628
HIDALGO,2021,8,79666.0,81664
HIDALGO,2021,9,82295.0,84129
HIDALGO,2021,10,82800.0,84480
HIDALGO,2021,11,46702.0,47739
HIDALGO,2021,12,76693.0,78630
HIDALGO,2022,1,81006.0,82869
HIDALGO,2022,2,76523.0,78250
HIDALGO,2022,3,90165.0,92529
HIDALGO,2022,4,77900.0,80276
HIDALGO,2022,5,88532.0,90870
HIDALGO,2022,6,54740.0,56078
HIDALGO,2022,7,88218.0,90898
HIDALGO,2022,8,92145.0,94699
HIDALGO,2022,9,87205.0,89099
HIDALGO,2022,10,94255.0,96694
HIDALGO,2022,11,98073.0,100521
HIDALGO,2022,12,91710.0,93265
HIDALGO,2023,1,102282.0,103799
HIDALGO,2023,2,94740.0,96851
HIDALGO,2023,3,106391.0,110605
HIDALGO,2023,4,92875.0,95553
HIDALGO,2023,5,106621.0,110005
HIDALGO,2023,6,81186.0,82748
HIDALGO,2023,7,100997.0,103279
HIDALGO,2023,8,109188.0,110621
HIDALGO,2023,9,103691.0,106056
HIDALGO,2023,10,109368.0,111487
HIDALGO,2023,11,104749.0,106752
HIDALGO,2023,12,95055.0,96204
HIDALGO,2024,1,111155.0,112619
HIDALGO,2024,2,107839.0,109506
HIDALGO,2024,3,99079.0,101178
HIDALGO,2024,4,107225.0,109145
HIDALGO,2024,5,98919.0,101132
HIDALGO,2024,6,87958.0,90160
HIDALGO,2024,7,94867.0,97277
HIDALGO,2024,8,95824.0,98326
HIDALGO,2024,9,93467.0,96506
HIDALGO,2024,10,99930.0,103382
HIDALGO,2024,11,95493.0,99722
HIDALGO,2024,12,87255.0,91702
JALISCO,2018,1,126277.0,128065
JALISCO,2018,2,114224.0,115608
JALISCO,2018,3,117222.0,118539
JALISCO,2018,4,114577.0,115809
JALISCO,2018,5,118451.0,120542
JALISCO,2018,6,105540.0,107083
JALISCO,2018,7,111829.0,113500
JALISCO,2018,8,119901.0,121514
JALISCO,2018,9,109307.0,110821
JALISCO,2018,10,123108.0,124828
JALISCO,2018,11,113380.0,114452
JALISCO,2018,12,105372.0,106231
JALISCO,2019,1,123749.0,125302
JALISCO,2019,2,111397.0,112601
JALISCO,2019,3,68728.0,69614
JALISCO,2019,4,102188.0,103535
JALISCO,2019,5,115166.0,117180
JALISCO,2019,6,108422.0,109844
JALISCO,2019,7,113549.0,115217
JALISCO,2019,8,91335.0,92482
JALISCO,2019,9,107088.0,108305
JALISCO,2019,10,116221.0,118051
JALISCO,2019,11,109071.0,110986
JALISCO,2019,12,100604.0,101911
JALISCO,2020,1,108057.0,110872
JALISCO,2020,2,103328.0,106516
JALISCO,2020,3,99147.0,102293
JALISCO,2020,4,60992.0,63902
JALISCO,2020,5,57585.0,61540
JALISCO,2020,6,65302.0,69335
JALISCO,2020,7,71354.0,75214
JALISCO,2020,8,73553.0,76569
JALISCO,2020,9,79845.0,82655
JALISCO,2020,10,88290.0,91207
JALISCO,2020,11,71037.0,73266
JALISCO,2020,12,80008.0,82277
JALISCO,2021,1,77044.0,79333
JALISCO,2021,2,72764.0,75871
JALISCO,2021,3,74330.0,77576
JALISCO,2021,4,18874.0,20211
JALISCO,2021,5,80328.0,83358
JALISCO,2021,6,82009.0,85653
JALISCO,2021,7,87357.0,91129
JALISCO,2021,8,84626.0,88777
JALISCO,2021,9,87656.0,91269
JALISCO,2021,10,90409.0,93684
JALISCO,2021,11,51250.0,53243
JALISCO,2021,12,78673.0,82114
JALISCO,2022,1,90834.0,93840
JALISCO,2022,2,85969.0,88960
JALISCO,2022,3,99131.0,103009
JALISCO,2022,4,86524.0,90151
JALISCO,2022,5,97092.0,99879
JALISCO,2022,6,57556.0,60104
JALISCO,2022,7,93845.0,97189
JALISCO,2022,8,101456.0,104733
JALISCO,2022,9,92099.0,95542
JALISCO,2022,10,97036.0,102580
JALISCO,2022,11,102579.0,107010
JALISCO,2022,12,95072.0,98447
JALISCO,2023,1,105652.0,108421
JALISCO,2023,2,98900.0,102132
JALISCO,2023,3,112695.0,116415
JALISCO,2023,4,95916.0,98183
JALISCO,2023,5,112313.0,113922
JALISCO,2023,6,82003.0,82709
JALISCO,2023,7,108511.0,109524
JALISCO,2023,8,117291.0,118542
JALISCO,2023,9,113084.0,114161
JALISCO,2023,10,117068.0,118838
JALISCO,2023,11,113672.0,115068
JALISCO,2023,12,100227.0,101391
JALISCO,2024,1,117093.0,117823
JALISCO,2024,2,112705.0,114190
JALISCO,2024,3,109192.0,111401
JALISCO,2024,4,126102.0,127352
JALISCO,2024,5,124791.0,126304
JALISCO,2024,6,115418.0,116912
JALISCO,2024,7,125332.0,126017
JALISCO,2024,8,123425.0,124358
JALISCO,2024,9,115914.0,117185
JALISCO,2024,10,125237.0,126759
JALISCO,2024,11,109874.0,112316
JALISCO,2024,12,98712.0,101242
MICHOACÁN,2018,1,149718.0,154056
MICHOACÁN,2018,2,135969.0,140195
MICHOACÁN,2018,3,138591.0,142668
MICHOACÁN,2018,4,144223.0,149745
MICHOACÁN,2018,5,140379.0,147547
MICHOACÁN,2018,6,130316.0,136246
MICHOACÁN,2018,7,136614.0,142141
MICHOACÁN,2018,8,140365.0,145725
MICHOACÁN,2018,9,143854.0,149165
MICHOACÁN,2018,10,150976.0,156050
MICHOACÁN,2018,11,144627.0,149191
MICHOACÁN,2018,12,133819.0,136608
MICHOACÁN,2019,1,153077.0,156874
MICHOACÁN,2019,2,135151.0,139526
MICHOACÁN,2019,3,87407.0,91061
MICHOACÁN,2019,4,134008.0,139810
MICHOACÁN,2019,5,142532.0,148212
MICHOACÁN,2019,6,133661.0,138572
MICHOACÁN,2019,7,140763.0,145210
MICHOACÁN,2019,8,139226.0,142450
MICHOACÁN,2019,9,136476.0,140321
MICHOACÁN,2019,10,148556.0,152477
MICHOACÁN,2019,11,141015.0,145224
MICHOACÁN,2019,12,129307.0,132660
MICHOACÁN,2020,1,143653.0,148589
MICHOACÁN,2020,2,133987.0,140189
MICHOACÁN,2020,3,126993.0,134392
MICHOACÁN,2020,4,83753.0,87023
MICHOACÁN,2020,5,75939.0,81252
MICHOACÁN,2020,6,86213.0,91556
MICHOACÁN,2020,7,90244.0,96018
MICHOACÁN,2020,8,92172.0,96759
MICHOACÁN,2020,9,97582.0,101316
MICHOACÁN,2020,10,104714.0,109165
MICHOACÁN,2020,11,87763.0,91511
MICHOACÁN,2020,12,103145.0,106203
MICHOACÁN,2021,1,95409.0,99909
MICHOACÁN,2021,2,90413.0,94623
MICHOACÁN,2021,3,95422.0,99812
MICHOACÁN,2021,4,31390.0,33719
MICHOACÁN,2021,5,99613.0,105069
MICHOACÁN,2021,6,104065.0,108879
MICHOACÁN,2021,7,116707.0,121296
MICHOACÁN,2021,8,110041.0,116425
MICHOACÁN,2021,9,118097.0,122939
MICHOACÁN,2021,10,114462.0,120579
MICHOACÁN,2021,11,64447.0,68633
MICHOACÁN,2021,12,112651.0,117315
MICHOACÁN,2022,1,120013.0,126545
MICHOACÁN,2022,2,111958.0,117926
MICHOACÁN,2022,3,125928.0,131785
MICHOACÁN,2022,4,112177.0,118163
MICHOACÁN,2022,5,124268.0,129021
MICHOACÁN,2022,6,78085.0,80421
MICHOACÁN,2022,7,117174.0,123025
MICHOACÁN,2022,8,128509.0,133218
MICHOACÁN,2022,9,113616.0,117784
MICHOACÁN,2022,10,127518.0,132600
MICHOACÁN,2022,11,129065.0,134183
MICHOACÁN,2022,12,124421.0,128022
MICHOACÁN,2023,1,140561.0,143863
MICHOACÁN,2023,2,130037.0,133464
MICHOACÁN,2023,3,140269.0,146768
MICHOACÁN,2023,4,123907.0,127698
MICHOACÁN,2023,5,136333.0,141337
MICHOACÁN,2023,6,99433.0,102691
MICHOACÁN,2023,7,130031.0,133424
MICHOACÁN,2023,8,144452.0,147403
MICHOACÁN,2023,9,138656.0,143310
MICHOACÁN,2023,10,145738.0,149008
MICHOACÁN,2023,11,142797.0,146348
MICHOACÁN,2023,12,125258.0,127820
MICHOACÁN,2024,1,153208.0,155630
MICHOACÁN,2024,2,141827.0,145501
MICHOACÁN,2024,3,133695.0,137749
MICHOACÁN,2024,4,152137.0,155213
MICHOACÁN,2024,5,153049.0,155643
MICHOACÁN,2024,6,135729.0,139144
MICHOACÁN,2024,7,152256.0,155028
MICHOACÁN,2024,8,148633.0,151354
MICHOACÁN,2024,9,142592.0,146155
MICHOACÁN,2024,10,153317.0,156658
MICHOACÁN,2024,11,134179.0,137613
MICHOACÁN,2024,12,125950.0,130160
MORELOS,2018,1,58366.0,60467
MORELOS,2018,2,56436.0,57749
MORELOS,2018,3,55733.0,57118
MORELOS,2018,4,59754.0,61486
MORELOS,2018,5,60754.0,62963
MORELOS,2018,6,56722.0,58881
MORELOS,2018,7,56368.0,58174
MORELOS,2018,8,60423.0,62356
MORELOS,2018,9,56758.0,58867
MORELOS,2018,10,64099.0,66424
MORELOS,2018,11,58281.0,59923
MORELOS,2018,12,52610.0,54176
MORELOS,2019,1,60196.0,61811
MORELOS,2019,2,56604.0,58377
MORELOS,2019,3,36594.0,37946
MORELOS,2019,4,54280.0,57836
MORELOS,2019,5,58497.0,61439
MORELOS,2019,6,56980.0,59802
MORELOS,2019,7,60071.0,62923
MORELOS,2019,8,52766.0,54863
MORELOS,2019,9,59789.0,62617
MORELOS,2019,10,65840.0,68778
MORELOS,2019,11,62125.0,64438
MORELOS,2019,12,58024.0,60544
MORELOS,2020,1,60531.0,65693
MORELOS,2020,2,57970.0,63218
MORELOS,2020,3,58529.0,63469
MORELOS,2020,4,42077.0,44924
MORELOS,2020,5,36247.0,39601
MORELOS,2020,6,39891.0,43392
MORELOS,2020,7,41920.0,46014
MORELOS,2020,8,44996.0,47632
MORELOS,2020,9,46212.0,48572
MORELOS,2020,10,51304.0,54006
MORELOS,2020,11,40016.0,43011
MORELOS,2020,12,44314.0,47666
MORELOS,2021,1,46686.0,49137
MORELOS,2021,2,40356.0,43635
MORELOS,2021,3,38622.0,42065
MORELOS,2021,4,10847.0,11944
MORELOS,2021,5,41388.0,44548
MORELOS,2021,6,46701.0,49480
MORELOS,2021,7,49436.0,51730
MORELOS,2021,8,46935.0,49393
MORELOS,2021,9,50578.0,52432
MORELOS,2021,10,49641.0,52204
MORELOS,2021,11,28933.0,30402
MORELOS,2021,12,48806.0,50537
MORELOS,2022,1,49691.0,52266
MORELOS,2022,2,48726.0,50902
MORELOS,2022,3,55158.0,57781
MORELOS,2022,4,47488.0,51184
MORELOS,2022,5,54179.0,56357
MORELOS,2022,6,34037.0,35176
MORELOS,2022,7,53882.0,56454
MORELOS,2022,8,57411.0,59413
MORELOS,2022,9,51737.0,53650
MORELOS,2022,10,57524.0,59520
MORELOS,2022,11,55564.0,57334
MORELOS,2022,12,53075.0,55012
MORELOS,2023,1,60905.0,62110
MORELOS,2023,2,57198.0,57839
MORELOS,2023,3,62674.0,63817
MORELOS,2023,4,56722.0,57384
MORELOS,2023,5,63066.0,63738
MORELOS,2023,6,47827.0,48260
MORELOS,2023,7,60299.0,60853
MORELOS,2023,8,67689.0,68231
MORELOS,2023,9,64871.0,65743
MORELOS,2023,10,70823.0,71638
MORELOS,2023,11,66833.0,67725
MORELOS,2023,12,60780.0,61562
MORELOS,2024,1,71355.0,72214
MORELOS,2024,2,66773.0,67965
MORELOS,2024,3,61418.0,62973
MORELOS,2024,4,73628.0,74525
MORELOS,2024,5,71351.0,72346
MORELOS,2024,6,65209.0,65996
MORELOS,2024,7,71641.0,72497
MORELOS,2024,8,66570.0,67779
MORELOS,2024,9,63186.0,64667
MORELOS,2024,10,70825.0,72253
MORELOS,2024,11,63430.0,64802
MORELOS,2024,12,58892.0,60630
MÉXICO,2018,1,200658.0,201204
MÉXICO,2018,2,176770.0,177321
MÉXICO,2018,3,183292.0,183927
MÉXICO,2018,4,187010.0,187680
MÉXICO,2018,5,188929.0,189689
MÉXICO,2018,6,171654.0,172973
MÉXICO,2018,7,181993.0,183041
MÉXICO,2018,8,194111.0,195638
MÉXICO,2018,9,181124.0,182394
MÉXICO,2018,10,198113.0,199712
MÉXICO,2018,11,184762.0,186052
MÉXICO,2018,12,168619.0,169482
MÉXICO,2019,1,192369.0,194326
MÉXICO,2019,2,171346.0,173460
MÉXICO,2019,3,108711.0,109978
MÉXICO,2019,4,167936.0,169587
MÉXICO,2019,5,180041.0,181633
MÉXICO,2019,6,169531.0,171106
MÉXICO,2019,7,181775.0,183355
MÉXICO,2019,8,182293.0,183408
MÉXICO,2019,9,173883.0,175595
MÉXICO,2019,10,191205.0,192676
MÉXICO,2019,11,181700.0,183220
MÉXICO,2019,12,167221.0,168299
MÉXICO,2020,1,176889.0,178612
MÉXICO,2020,2,161955.0,163950
MÉXICO,2020,3,160532.0,162485
MÉXICO,2020,4,101190.0,102274
MÉXICO,2020,5,87056.0,88879
MÉXICO,2020,6,93394.0,95703
MÉXICO,2020,7,106006.0,107926
MÉXICO,2020,8,110476.0,111769
MÉXICO,2020,9,113249.0,114492
MÉXICO,2020,10,129829.0,131365
MÉXICO,2020,11,99529.0,101296
MÉXICO,2020,12,115223.0,116812
MÉXICO,2021,1,107620.0,109358
MÉXICO,2021,2,103978.0,105780
MÉXICO,2021,3,109052.0,110322
MÉXICO,2021,4,34439.0,35215
MÉXICO,2021,5,119937.0,121658
MÉXICO,2021,6,131348.0,132534
MÉXICO,2021,7,144181.0,145142
MÉXICO,2021,8,139979.0,141293
MÉXICO,2021,9,146551.0,147715
MÉXICO,2021,10,147748.0,149725
MÉXICO,2021,11,88257.0,89459
MÉXICO,2021,12,142075.0,143197
MÉXICO,2022,1,149989.0,152148
MÉXICO,2022,2,136528.0,138724
MÉXICO,2022,3,161328.0,163305
MÉXICO,2022,4,145620.0,147790
MÉXICO,2022,5,161161.0,162722
MÉXICO,2022,6,102351.0,103259
MÉXICO,2022,7,160226.0,161769
MÉXICO,2022,8,167998.0,169494
MÉXICO,2022,9,151806.0,153446
MÉXICO,2022,10,169100.0,170749
MÉXICO,2022,11,170671.0,172116
MÉXICO,2022,12,164032.0,165248
MÉXICO,2023,1,176428.0,177071
MÉXICO,2023,2,165010.0,166332
MÉXICO,2023,3,185240.0,186956
MÉXICO,2023,4,158619.0,159288
MÉXICO,2023,5,179313.0,180132
MÉXICO,2023,6,136877.0,137386
MÉXICO,2023,7,175821.0,176334
MÉXICO,2023,8,187032.0,187543
MÉXICO,2023,9,184490.0,185369
MÉXICO,2023,10,192041.0,193496
MÉXICO,2023,11,181759.0,183162
MÉXICO,2023,12,163933.0,165037
MÉXICO,2024,1,186174.0,187554
MÉXICO,2024,2,173017.0,174980
MÉXICO,2024,3,158244.0,160604
MÉXICO,2024,4,182074.0,184003
MÉXICO,2024,5,177125.0,179655
MÉXICO,2024,6,156782.0,158669
MÉXICO,2024,7,175234.0,177791
MÉXICO,2024,8,170192.0,172231
MÉXICO,2024,9,164575.0,167355
MÉXICO,2024,10,173591.0,177039
MÉXICO,2024,11,154257.0,157807
MÉXICO,2024,12,151811.0,155112
NAYARIT,2018,1,48826.0,49891
NAYARIT,2018,2,46019.0,47013
NAYARIT,2018,3,46982.0,47939
NAYARIT,2018,4,47865.0,49383
NAYARIT,2018,5,48144.0,49786
NAYARIT,2018,6,44860.0,46483
NAYARIT,2018,7,47558.0,49110
NAYARIT,2018,8,49349.0,50754
NAYARIT,2018,9,47770.0,48905
NAYARIT,2018,10,50382.0,51519
NAYARIT,2018,11,49157.0,50504
NAYARIT,2018,12,41798.0,42816
NAYARIT,2019,1,47512.0,48453
NAYARIT,2019,2,45805.0,47150
NAYARIT,2019,3,29932.0,30957
NAYARIT,2019,4,43833.0,45366
NAYARIT,2019,5,50732.0,52296
NAYARIT,2019,6,46788.0,48133
NAYARIT,2019,7,47994.0,49167
NAYARIT,2019,8,28152.0,28784
NAYARIT,2019,9,49610.0,50887
NAYARIT,2019,10,54471.0,55820
NAYARIT,2019,11,49377.0,50420
NAYARIT,2019,12,45305.0,46089
NAYARIT,2020,1,47445.0,48465
NAYARIT,2020,2,48577.0,49800
NAYARIT,2020,3,46655.0,48012
NAYARIT,2020,4,28681.0,29542
NAYARIT,2020,5,27091.0,28257
NAYARIT,2020,6,28726.0,30084
NAYARIT,2020,7,31967.0,33310
NAYARIT,2020,8,31499.0,32490
NAYARIT,2020,9,33718.0,34517
NAYARIT,2020,10,36801.0,37754
NAYARIT,2020,11,31317.0,32230
NAYARIT,2020,12,33901.0,34770
NAYARIT,2021,1,35097.0,35978
NAYARIT,2021,2,31774.0,32731
NAYARIT,2021,3,33988.0,35012
NAYARIT,2021,4,8172.0,8751
NAYARIT,2021,5,36565.0,37601
NAYARIT,2021,6,38241.0,39208
NAYARIT,2021,7,39902.0,40791
NAYARIT,2021,8,36813.0,37712
NAYARIT,2021,9,41724.0,42635
NAYARIT,2021,10,41121.0,41983
NAYARIT,2021,11,23728.0,24256
NAYARIT,2021,12,38099.0,39192
NAYARIT,2022,1,39289.0,40064
NAYARIT,2022,2,39483.0,40497
NAYARIT,2022,3,44775.0,46167
NAYARIT,2022,4,38615.0,39966
NAYARIT,2022,5,42446.0,43266
NAYARIT,2022,6,26162.0,27030
NAYARIT,2022,7,41253.0,42498
NAYARIT,2022,8,43124.0,44431
NAYARIT,2022,9,41179.0,42911
NAYARIT,2022,10,41873.0,44129
NAYARIT,2022,11,44956.0,46931
NAYARIT,2022,12,40178.0,41859
NAYARIT,2023,1,46880.0,48164
NAYARIT,2023,2,43565.0,44698
NAYARIT,2023,3,50000.0,52020
NAYARIT,2023,4,41737.0,43104
NAYARIT,2023,5,49630.0,50939
NAYARIT,2023,6,37005.0,37860
NAYARIT,2023,7,47419.0,47766
NAYARIT,2023,8,52365.0,52664
NAYARIT,2023,9,50761.0,51391
NAYARIT,2023,10,53473.0,54212
NAYARIT,2023,11,51084.0,51857
NAYARIT,2023,12,43868.0,44814
NAYARIT,2024,1,50010.0,50566
NAYARIT,2024,2,48975.0,49852
NAYARIT,2024,3,46422.0,47436
NAYARIT,2024,4,52149.0,52938
NAYARIT,2024,5,51380.0,52314
NAYARIT,2024,6,48161.0,49321
NAYARIT,2024,7,48847.0,49944
NAYARIT,2024,8,48075.0,49401
NAYARIT,2024,9,47221.0,48659
NAYARIT,2024,10,51635.0,53227
NAYARIT,2024,11,45002.0,46800
NAYARIT,2024,12,42272.0,43903
NUEVO LEÓN,2018,1,74673.0,75378
NUEVO LEÓN,2018,2,70697.0,71517
NUEVO LEÓN,2018,3,73848.0,74447
NUEVO LEÓN,2018,4,75694.0,76394
NUEVO LEÓN,2018,5,77801.0,79824
NUEVO LEÓN,2018,6,68132.0,69993
NUEVO LEÓN,2018,7,70662.0,72184
NUEVO LEÓN,2018,8,73796.0,75919
NUEVO LEÓN,2018,9,70144.0,71735
NUEVO LEÓN,2018,10,76699.0,79627
NUEVO LEÓN,2018,11,74987.0,78117
NUEVO LEÓN,2018,12,67719.0,70334
NUEVO LEÓN,2019,1,73277.0,75795
NUEVO LEÓN,2019,2,67777.0,70475
NUEVO LEÓN,2019,3,43318.0,45433
NUEVO LEÓN,2019,4,65550.0,70290
NUEVO LEÓN,2019,5,69372.0,73539
NUEVO LEÓN,2019,6,65403.0,68745
NUEVO LEÓN,2019,7,68683.0,72007
NUEVO LEÓN,2019,8,68286.0,70956
NUEVO LEÓN,2019,9,65995.0,68633
NUEVO LEÓN,2019,10,76591.0,79468
NUEVO LEÓN,2019,11,73634.0,76518
NUEVO LEÓN,2019,12,68752.0,71014
NUEVO LEÓN,2020,1,69175.0,72733
NUEVO LEÓN,2020,2,74073.0,78016
NUEVO LEÓN,2020,3,62209.0,66144
NUEVO LEÓN,2020,4,40786.0,42849
NUEVO LEÓN,2020,5,37698.0,39966
NUEVO LEÓN,2020,6,43542.0,45625
NUEVO LEÓN,2020,7,47321.0,49800
NUEVO LEÓN,2020,8,49499.0,51525
NUEVO LEÓN,2020,9,50191.0,51801
NUEVO LEÓN,2020,10,55860.0,58176
NUEVO LEÓN,2020,11,42480.0,44117
NUEVO LEÓN,2020,12,48891.0,50448
NUEVO LEÓN,2021,1,45405.0,47016
NUEVO LEÓN,2021,2,42802.0,44157
NUEVO LEÓN,2021,3,47597.0,49012
NUEVO LEÓN,2021,4,14179.0,14679
NUEVO LEÓN,2021,5,50022.0,51597
NUEVO LEÓN,2021,6,55085.0,56622
NUEVO LEÓN,2021,7,60477.0,62514
NUEVO LEÓN,2021,8,57904.0,59628
NUEVO LEÓN,2021,9,61232.0,62872
NUEVO LEÓN,2021,10,58799.0,60291
NUEVO LEÓN,2021,11,35431.0,36688
NUEVO LEÓN,2021,12,57355.0,59330
NUEVO LEÓN,2022,1,56552.0,58001
NUEVO LEÓN,2022,2,56786.0,58275
NUEVO LEÓN,2022,3,66586.0,68215
NUEVO LEÓN,2022,4,57269.0,59272
NUEVO LEÓN,2022,5,63971.0,66168
NUEVO LEÓN,2022,6,38757.0,40062
NUEVO LEÓN,2022,7,59748.0,61484
NUEVO LEÓN,2022,8,66293.0,68081
NUEVO LEÓN,2022,9,61045.0,62720
NUEVO LEÓN,2022,10,65665.0,67648
NUEVO LEÓN,2022,11,68391.0,70474
NUEVO LEÓN,2022,12,64964.0,66870
NUEVO LEÓN,2023,1,70020.0,71595
NUEVO LEÓN,2023,2,64931.0,66963
NUEVO LEÓN,2023,3,72454.0,76763
NUEVO LEÓN,2023,4,62445.0,65004
NUEVO LEÓN,2023,5,73045.0,75268
NUEVO LEÓN,2023,6,54186.0,56023
NUEVO LEÓN,2023,7,67987.0,69131
NUEVO LEÓN,2023,8,76659.0,77829
NUEVO LEÓN,2023,9,73722.0,74756
NUEVO LEÓN,2023,10,77753.0,79447
NUEVO LEÓN,2023,11,75071.0,77721
NUEVO LEÓN,2023,12,66787.0,69510
NUEVO LEÓN,2024,1,76841.0,79566
NUEVO LEÓN,2024,2,68395.0,73316
NUEVO LEÓN,2024,3,65795.0,69682
NUEVO LEÓN,2024,4,73501.0,76243
NUEVO LEÓN,2024,5,70792.0,74166
NUEVO LEÓN,2024,6,59359.0,61512
NUEVO LEÓN,2024,7,67744.0,70502
NUEVO LEÓN,2024,8,64964.0,68988
NUEVO LEÓN,2024,9,63840.0,66799
NUEVO LEÓN,2024,10,71583.0,75335
NUEVO LEÓN,2024,11,66288.0,70018
NUEVO LEÓN,2024,12,62275.0,66826
OAXACA,2018,1,64686.0,67797
OAXACA,2018,2,56836.0,61103
OAXACA,2018,3,56884.0,60099
OAXACA,2018,4,60370.0,64282
OAXACA,2018,5,60578.0,65703
OAXACA,2018,6,56427.0,60451
OAXACA,2018,7,59413.0,63871
OAXACA,2018,8,63547.0,68277
OAXACA,2018,9,61671.0,65335
OAXACA,2018,10,69602.0,74474
OAXACA,2018,11,61349.0,66511
OAXACA,2018,12,49437.0,55151
OAXACA,2019,1,65452.0,69903
OAXACA,2019,2,57117.0,63619
OAXACA,2019,3,38450.0,42352
OAXACA,2019,4,53981.0,60880
OAXACA,2019,5,58955.0,65635
OAXACA,2019,6,62344.0,68139
OAXACA,2019,7,59912.0,65623
OAXACA,2019,8,63109.0,67546
OAXACA,2019,9,59652.0,64141
OAXACA,2019,10,69124.0,75458
OAXACA,2019,11,64693.0,70302
OAXACA,2019,12,57325.0,60682
OAXACA,2020,1,57278.0,64085
OAXACA,2020,2,55391.0,63317
OAXACA,2020,3,55165.0,64023
OAXACA,2020,4,28394.0,34674
OAXACA,2020,5,25627.0,31992
OAXACA,2020,6,30436.0,37885
OAXACA,2020,7,29197.0,35566
OAXACA,2020,8,33005.0,37019
OAXACA,2020,9,34143.0,38106
OAXACA,2020,10,40843.0,45059
OAXACA,2020,11,34046.0,38573
OAXACA,2020,12,37347.0,41756
OAXACA,2021,1,36145.0,42441
OAXACA,2021,2,32582.0,38935
OAXACA,2021,3,32059.0,38467
OAXACA,2021,4,9059.0,12695
OAXACA,2021,5,37753.0,44608
OAXACA,2021,6,41032.0,48761
OAXACA,2021,7,43776.0,51353
OAXACA,2021,8,44724.0,50689
OAXACA,2021,9,46692.0,52177
OAXACA,2021,10,48111.0,53649
OAXACA,2021,11,27479.0,31638
OAXACA,2021,12,42005.0,47742
OAXACA,2022,1,53572.0,58647
OAXACA,2022,2,48707.0,54540
OAXACA,2022,3,54656.0,62902
OAXACA,2022,4,47285.0,53808
OAXACA,2022,5,54831.0,60058
OAXACA,2022,6,33119.0,37558
OAXACA,2022,7,53529.0,59212
OAXACA,2022,8,61138.0,66227
OAXACA,2022,9,54213.0,59203
OAXACA,2022,10,59454.0,67466
OAXACA,2022,11,61314.0,66713
OAXACA,2022,12,52594.0,56957
OAXACA,2023,1,66127.0,70082
OAXACA,2023,2,58755.0,63139
OAXACA,2023,3,65682.0,72177
OAXACA,2023,4,56051.0,60300
OAXACA,2023,5,65168.0,68754
OAXACA,2023,6,50309.0,53154
OAXACA,2023,7,60169.0,62263
OAXACA,2023,8,72354.0,74427
OAXACA,2023,9,68548.0,70622
OAXACA,2023,10,73986.0,76600
OAXACA,2023,11,70240.0,72299
OAXACA,2023,12,56287.0,57926
OAXACA,2024,1,74992.0,76519
OAXACA,2024,2,71284.0,73009
OAXACA,2024,3,61461.0,63748
OAXACA,2024,4,76504.0,78056
OAXACA,2024,5,74664.0,76198
OAXACA,2024,6,67378.0,68703
OAXACA,2024,7,73042.0,74397
OAXACA,2024,8,74630.0,76253
OAXACA,2024,9,72925.0,74203
OAXACA,2024,10,81792.0,83487
OAXACA,2024,11,74229.0,75747
OAXACA,2024,12,64538.0,66321
PUEBLA,2018,1,81046.0,82486
PUEBLA,2018,2,74178.0,75311
PUEBLA,2018,3,76329.0,77579
PUEBLA,2018,4,77957.0,80169
PUEBLA,2018,5,79617.0,81686
PUEBLA,2018,6,72257.0,74692
PUEBLA,2018,7,73283.0,74948
PUEBLA,2018,8,78915.0,80871
PUEBLA,2018,9,74783.0,76829
PUEBLA,2018,10,83433.0,85598
PUEBLA,2018,11,77062.0,78605
PUEBLA,2018,12,70504.0,71558
PUEBLA,2019,1,79506.0,80987
PUEBLA,2019,2,71614.0,74631
PUEBLA,2019,3,47100.0,48565
PUEBLA,2019,4,73927.0,75928
PUEBLA,2019,5,76712.0,78800
PUEBLA,2019,6,74948.0,77139
PUEBLA,2019,7,80236.0,81956
PUEBLA,2019,8,52348.0,53731
PUEBLA,2019,9,77858.0,79707
PUEBLA,2019,10,86383.0,88323
PUEBLA,2019,11,81610.0,83583
PUEBLA,2019,12,78052.0,79507
PUEBLA,2020,1,81422.0,83397
PUEBLA,2020,2,80283.0,82743
PUEBLA,2020,3,79373.0,82333
PUEBLA,2020,4,50388.0,51937
PUEBLA,2020,5,42852.0,45267
PUEBLA,2020,6,46516.0,48732
PUEBLA,2020,7,50852.0,52826
PUEBLA,2020,8,48849.0,50215
PUEBLA,2020,9,51168.0,52724
PUEBLA,2020,10,57928.0,59474
PUEBLA,2020,11,48013.0,49221
PUEBLA,2020,12,57081.0,58023
PUEBLA,2021,1,55205.0,55985
PUEBLA,2021,2,50920.0,51802
PUEBLA,2021,3,50562.0,51381
PUEBLA,2021,4,17353.0,17775
PUEBLA,2021,5,55582.0,56350
PUEBLA,2021,6,61588.0,62425
PUEBLA,2021,7,67922.0,68898
PUEBLA,2021,8,66015.0,67019
PUEBLA,2021,9,70951.0,71772
PUEBLA,2021,10,71114.0,72137
PUEBLA,2021,11,40251.0,40965
PUEBLA,2021,12,68985.0,69937
PUEBLA,2022,1,74522.0,75790
PUEBLA,2022,2,69446.0,71034
PUEBLA,2022,3,79450.0,81176
PUEBLA,2022,4,70871.0,72630
PUEBLA,2022,5,79614.0,80986
PUEBLA,2022,6,49459.0,50312
PUEBLA,2022,7,78621.0,80939
PUEBLA,2022,8,80726.0,82691
PUEBLA,2022,9,73520.0,75401
PUEBLA,2022,10,82159.0,84096
PUEBLA,2022,11,82263.0,84103
PUEBLA,2022,12,77814.0,78915
PUEBLA,2023,1,88759.0,89674
PUEBLA,2023,2,81918.0,83260
PUEBLA,2023,3,89205.0,94046
PUEBLA,2023,4,80306.0,82818
PUEBLA,2023,5,90242.0,93141
PUEBLA,2023,6,68826.0,70241
PUEBLA,2023,7,88442.0,89808
PUEBLA,2023,8,90832.0,91702
PUEBLA,2023,9,91943.0,93018
PUEBLA,2023,10,98318.0,99341
PUEBLA,2023,11,90598.0,91631
PUEBLA,2023,12,81749.0,82542
PUEBLA,2024,1,94772.0,95485
PUEBLA,2024,2,92961.0,94066
PUEBLA,2024,3,88462.0,89540
PUEBLA,2024,4,98456.0,99333
PUEBLA,2024,5,97204.0,97894
PUEBLA,2024,6,91784.0,92512
PUEBLA,2024,7,96616.0,97409
PUEBLA,2024,8,96976.0,97842
PUEBLA,2024,9,95259.0,96328
PUEBLA,2024,10,106385.0,107497
PUEBLA,2024,11,95890.0,97163
PUEBLA,2024,12,88258.0,89613
QUERETARO,2018,1,40963.0,41369
QUERETARO,2018,2,38621.0,39066
QUERETARO,2018,3,38933.0,39386
QUERETARO,2018,4,39745.0,40157
QUERETARO,2018,5,41030.0,41755
QUERETARO,2018,6,37548.0,38138
QUERETARO,2018,7,38562.0,39018
QUERETARO,2018,8,41164.0,41481
QUERETARO,2018,9,39436.0,39793
QUERETARO,2018,10,44804.0,45150
QUERETARO,2018,11,41138.0,41508
QUERETARO,2018,12,36389.0,36881
QUERETARO,2019,1,41873.0,42174
QUERETARO,2019,2,37939.0,38353
QUERETARO,2019,3,24095.0,24458
QUERETARO,2019,4,36842.0,37618
QUERETARO,2019,5,38839.0,39593
QUERETARO,2019,6,36452.0,37219
QUERETARO,2019,7,36318.0,37112
QUERETARO,2019,8,35033.0,35724
QUERETARO,2019,9,34665.0,35201
QUERETARO,2019,10,42445.0,43076
QUERETARO,2019,11,37622.0,38336
QUERETARO,2019,12,35706.0,36191
QUERETARO,2020,1,37444.0,38164
QUERETARO,2020,2,36924.0,37854
QUERETARO,2020,3,36131.0,37344
QUERETARO,2020,4,24178.0,25745
QUERETARO,2020,5,21390.0,23900
QUERETARO,2020,6,22349.0,25545
QUERETARO,2020,7,26706.0,28808
QUERETARO,2020,8,24203.0,26193
QUERETARO,2020,9,26373.0,27974
QUERETARO,2020,10,29650.0,30401
QUERETARO,2020,11,24149.0,24481
QUERETARO,2020,12,29063.0,29388
QUERETARO,2021,1,27568.0,28048
QUERETARO,2021,2,26714.0,27213
QUERETARO,2021,3,27732.0,28004
QUERETARO,2021,4,9142.0,9317
QUERETARO,2021,5,29476.0,29726
QUERETARO,2021,6,31406.0,31668
QUERETARO,2021,7,33119.0,33404
QUERETARO,2021,8,33550.0,33820
QUERETARO,2021,9,35283.0,35517
QUERETARO,2021,10,34587.0,34844
QUERETARO,2021,11,21771.0,21946
QUERETARO,2021,12,35471.0,35693
QUERETARO,2022,1,35192.0,35412
QUERETARO,2022,2,34782.0,34994
QUERETARO,2022,3,40050.0,40291
QUERETARO,2022,4,35783.0,36049
QUERETARO,2022,5,39431.0,39724
QUERETARO,2022,6,23736.0,23965
QUERETARO,2022,7,36848.0,37185
QUERETARO,2022,8,41558.0,41817
QUERETARO,2022,9,37905.0,38177
QUERETARO,2022,10,40683.0,41059
QUERETARO,2022,11,42970.0,43231
QUERETARO,2022,12,40875.0,41284
QUERETARO,2023,1,43344.0,43567
QUERETARO,2023,2,39144.0,39385
QUERETARO,2023,3,42741.0,42947
QUERETARO,2023,4,37075.0,37265
QUERETARO,2023,5,43769.0,44047
QUERETARO,2023,6,32648.0,32793
QUERETARO,2023,7,40983.0,41146
QUERETARO,2023,8,44431.0,44580
QUERETARO,2023,9,42680.0,42849
QUERETARO,2023,10,44622.0,44901
QUERETARO,2023,11,42272.0,42506
QUERETARO,2023,12,38950.0,39250
QUERETARO,2024,1,46763.0,47045
QUERETARO,2024,2,42829.0,43148
QUERETARO,2024,3,42816.0,43356
QUERETARO,2024,4,47165.0,47511
QUERETARO,2024,5,46873.0,47258
QUERETARO,2024,6,43147.0,43451
QUERETARO,2024,7,46246.0,46553
QUERETARO,2024,8,44674.0,45142
QUERETARO,2024,9,44191.0,44670
QUERETARO,2024,10,50001.0,50464
QUERETARO,2024,11,41373.0,41991
QUERETARO,2024,12,41265.0,41990
QUINTANA ROO,2018,1,34592.0,34838
QUINTANA ROO,2018,2,30140.0,30487
QUINTANA ROO,2018,3,32896.0,33149
QUINTANA ROO,2018,4,34602.0,34925
QUINTANA ROO,2018,5,35137.0,35768
QUINTANA ROO,2018,6,30650.0,31227
QUINTANA ROO,2018,7,34385.0,34973
QUINTANA ROO,2018,8,36285.0,36860
QUINTANA ROO,2018,9,32375.0,32756
QUINTANA ROO,2018,10,36016.0,36508
QUINTANA ROO,2018,11,32843.0,33158
QUINTANA ROO,2018,12,28471.0,28745
QUINTANA ROO,2019,1,33942.0,34206
QUINTANA ROO,2019,2,30375.0,30778
QUINTANA ROO,2019,3,17774.0,18066
QUINTANA ROO,2019,4,30528.0,31126
QUINTANA ROO,2019,5,34265.0,34845
QUINTANA ROO,2019,6,31406.0,31853
QUINTANA ROO,2019,7,32594.0,33047
QUINTANA ROO,2019,8,34909.0,35307
QUINTANA ROO,2019,9,33733.0,34062
QUINTANA ROO,2019,10,37223.0,37753
QUINTANA ROO,2019,11,33117.0,33571
QUINTANA ROO,2019,12,31488.0,31773
QUINTANA ROO,2020,1,32508.0,33354
QUINTANA ROO,2020,2,31508.0,32477
QUINTANA ROO,2020,3,31612.0,32760
QUINTANA ROO,2020,4,16320.0,17334
QUINTANA ROO,2020,5,15464.0,16564
QUINTANA ROO,2020,6,18270.0,19398
QUINTANA ROO,2020,7,19064.0,20115
QUINTANA ROO,2020,8,20600.0,21526
QUINTANA ROO,2020,9,20863.0,21520
QUINTANA ROO,2020,10,22845.0,23403
QUINTANA ROO,2020,11,19781.0,20667
QUINTANA ROO,2020,12,22990.0,24272
QUINTANA ROO,2021,1,22780.0,23977
QUINTANA ROO,2021,2,21573.0,22546
QUINTANA ROO,2021,3,22526.0,23202
QUINTANA ROO,2021,4,5476.0,5857
QUINTANA ROO,2021,5,23474.0,24102
QUINTANA ROO,2021,6,25772.0,26367
QUINTANA ROO,2021,7,27273.0,28126
QUINTANA ROO,2021,8,27590.0,28336
QUINTANA ROO,2021,9,26121.0,26924
QUINTANA ROO,2021,10,26928.0,27761
QUINTANA ROO,2021,11,15995.0,16524
QUINTANA ROO,2021,12,25870.0,26486
QUINTANA ROO,2022,1,25872.0,26404
QUINTANA ROO,2022,2,26112.0,26795
QUINTANA ROO,2022,3,30884.0,31771
QUINTANA ROO,2022,4,26226.0,27161
QUINTANA ROO,2022,5,29407.0,30357
QUINTANA ROO,2022,6,18891.0,19353
QUINTANA ROO,2022,7,29604.0,30317
QUINTANA ROO,2022,8,31614.0,32367
QUINTANA ROO,2022,9,28676.0,29493
QUINTANA ROO,2022,10,30895.0,32112
QUINTANA ROO,2022,11,31184.0,32112
QUINTANA ROO,2022,12,30319.0,31363
QUINTANA ROO,2023,1,32195.0,32749
QUINTANA ROO,2023,2,28986.0,29901
QUINTANA ROO,2023,3,33807.0,35970
QUINTANA ROO,2023,4,29807.0,30650
QUINTANA ROO,2023,5,34775.0,35879
QUINTANA ROO,2023,6,27092.0,27651
QUINTANA ROO,2023,7,33369.0,33841
QUINTANA ROO,2023,8,36456.0,36899
QUINTANA ROO,2023,9,33799.0,34398
QUINTANA ROO,2023,10,37188.0,37642
QUINTANA ROO,2023,11,32711.0,33387
QUINTANA ROO,2023,12,29510.0,29937
QUINTANA ROO,2024,1,36378.0,36730
QUINTANA ROO,2024,2,34376.0,34917
QUINTANA ROO,2024,3,31011.0,31663
QUINTANA ROO,2024,4,37652.0,38032
QUINTANA ROO,2024,5,38319.0,38707
QUINTANA ROO,2024,6,34676.0,34917
QUINTANA ROO,2024,7,35932.0,36107
QUINTANA ROO,2024,8,37485.0,37697
QUINTANA ROO,2024,9,37120.0,37401
QUINTANA ROO,2024,10,40882.0,41188
QUINTANA ROO,2024,11,37232.0,37634
QUINTANA ROO,2024,12,33319.0,34044
SAN LUIS POTOSI,2018,1,92490.0,93872
SAN LUIS POTOSI,2018,2,84933.0,86486
SAN LUIS POTOSI,2018,3,86988.0,88229
SAN LUIS POTOSI,2018,4,88219.0,89894
SAN LUIS POTOSI,2018,5,89825.0,92358
SAN LUIS POTOSI,2018,6,76344.0,78410
SAN LUIS POTOSI,2018,7,87676.0,90191
SAN LUIS POTOSI,2018,8,89616.0,92034
SAN LUIS POTOSI,2018,9,82446.0,84056
SAN LUIS POTOSI,2018,10,90885.0,92646
SAN LUIS POTOSI,2018,11,85598.0,87012
SAN LUIS POTOSI,2018,12,78387.0,79981
SAN LUIS POTOSI,2019,1,90534.0,92023
SAN LUIS POTOSI,2019,2,79801.0,82043
SAN LUIS POTOSI,2019,3,52302.0,53993
SAN LUIS POTOSI,2019,4,78320.0,80835
SAN LUIS POTOSI,2019,5,87544.0,89642
SAN LUIS POTOSI,2019,6,80324.0,82720
SAN LUIS POTOSI,2019,7,85321.0,87861
SAN LUIS POTOSI,2019,8,62285.0,64508
SAN LUIS POTOSI,2019,9,84296.0,86946
SAN LUIS POTOSI,2019,10,91959.0,94708
SAN LUIS POTOSI,2019,11,86202.0,88740
SAN LUIS POTOSI,2019,12,82825.0,84421
SAN LUIS POTOSI,2020,1,87580.0,90572
SAN LUIS POTOSI,2020,2,81090.0,84511
SAN LUIS POTOSI,2020,3,79686.0,83733
SAN LUIS POTOSI,2020,4,51899.0,54891
SAN LUIS POTOSI,2020,5,42657.0,45830
SAN LUIS POTOSI,2020,6,50833.0,53887
SAN LUIS POTOSI,2020,7,54754.0,57501
SAN LUIS POTOSI,2020,8,51509.0,53211
SAN LUIS POTOSI,2020,9,53770.0,55309
SAN LUIS POTOSI,2020,10,62906.0,64586
SAN LUIS POTOSI,2020,11,50625.0,52361
SAN LUIS POTOSI,2020,12,55395.0,57297
SAN LUIS POTOSI,2021,1,53524.0,57758
SAN LUIS POTOSI,2021,2,48752.0,52931
SAN LUIS POTOSI,2021,3,52798.0,55668
SAN LUIS POTOSI,2021,4,15958.0,17554
SAN LUIS POTOSI,2021,5,59269.0,61519
SAN LUIS POTOSI,2021,6,64935.0,66925
SAN LUIS POTOSI,2021,7,67997.0,69723
SAN LUIS POTOSI,2021,8,64952.0,66668
SAN LUIS POTOSI,2021,9,71833.0,73319
SAN LUIS POTOSI,2021,10,72368.0,73927
SAN LUIS POTOSI,2021,11,41497.0,42768
SAN LUIS POTOSI,2021,12,72079.0,74818
SAN LUIS POTOSI,2022,1,73209.0,74828
SAN LUIS POTOSI,2022,2,70628.0,72144
SAN LUIS POTOSI,2022,3,83070.0,85451
SAN LUIS POTOSI,2022,4,68633.0,70835
SAN LUIS POTOSI,2022,5,78169.0,80045
SAN LUIS POTOSI,2022,6,48300.0,49703
SAN LUIS POTOSI,2022,7,71792.0,73756
SAN LUIS POTOSI,2022,8,79414.0,81106
SAN LUIS POTOSI,2022,9,72236.0,73894
SAN LUIS POTOSI,2022,10,77438.0,80080
SAN LUIS POTOSI,2022,11,81835.0,84117
SAN LUIS POTOSI,2022,12,77472.0,79149
SAN LUIS POTOSI,2023,1,91071.0,92192
SAN LUIS POTOSI,2023,2,79028.0,80293
SAN LUIS POTOSI,2023,3,93434.0,95435
SAN LUIS POTOSI,2023,4,78235.0,79147
SAN LUIS POTOSI,2023,5,91432.0,92333
SAN LUIS POTOSI,2023,6,68536.0,69033
SAN LUIS POTOSI,2023,7,85320.0,85828
SAN LUIS POTOSI,2023,8,94369.0,94904
SAN LUIS POTOSI,2023,9,93292.0,93888
SAN LUIS POTOSI,2023,10,96259.0,96969
SAN LUIS POTOSI,2023,11,90432.0,91125
SAN LUIS POTOSI,2023,12,87883.0,88378
SAN LUIS POTOSI,2024,1,101017.0,101564
SAN LUIS POTOSI,2024,2,92941.0,93543
SAN LUIS POTOSI,2024,3,84873.0,85400
SAN LUIS POTOSI,2024,4,98283.0,98785
SAN LUIS POTOSI,2024,5,96662.0,97183
SAN LUIS POTOSI,2024,6,88039.0,88453
SAN LUIS POTOSI,2024,7,98162.0,98573
SAN LUIS POTOSI,2024,8,97288.0,97800
SAN LUIS POTOSI,2024,9,94583.0,95096
SAN LUIS POTOSI,2024,10,105142.0,105681
SAN LUIS POTOSI,2024,11,95374.0,95918
SAN LUIS POTOSI,2024,12,90332.0,90808
SINALOA,2018,1,160491.0,163704
SINALOA,2018,2,142923.0,146447
SINALOA,2018,3,142663.0,145986
SINALOA,2018,4,155996.0,159783
SINALOA,2018,5,151798.0,157211
SINALOA,2018,6,138023.0,143521
SINALOA,2018,7,141785.0,148515
SINALOA,2018,8,157988.0,165232
SINALOA,2018,9,144447.0,150142
SINALOA,2018,10,161285.0,168526
SINALOA,2018,11,154518.0,160234
SINALOA,2018,12,135666.0,139935
SINALOA,2019,1,156319.0,161059
SINALOA,2019,2,140175.0,145981
SINALOA,2019,3,91322.0,94643
SINALOA,2019,4,138127.0,145236
SINALOA,2019,5,147590.0,154439
SINALOA,2019,6,142034.0,147324
SINALOA,2019,7,147034.0,152306
SINALOA,2019,8,132798.0,136213
SINALOA,2019,9,148944.0,153246
SINALOA,2019,10,161477.0,166931
SINALOA,2019,11,150994.0,155914
SINALOA,2019,12,149767.0,152721
SINALOA,2020,1,145917.0,152249
SINALOA,2020,2,149228.0,154843
SINALOA,2020,3,148052.0,153662
SINALOA,2020,4,74280.0,78806
SINALOA,2020,5,66725.0,72395
SINALOA,2020,6,70999.0,76697
SINALOA,2020,7,78893.0,83775
SINALOA,2020,8,83955.0,87574
SINALOA,2020,9,90482.0,94223
SINALOA,2020,10,106085.0,110859
SINALOA,2020,11,83880.0,87000
SINALOA,2020,12,93335.0,96628
SINALOA,2021,1,96389.0,99616
SINALOA,2021,2,93128.0,96542
SINALOA,2021,3,93853.0,97415
SINALOA,2021,4,22352.0,24036
SINALOA,2021,5,102331.0,107192
SINALOA,2021,6,107756.0,111554
SINALOA,2021,7,107209.0,110360
SINALOA,2021,8,101878.0,104782
SINALOA,2021,9,115035.0,118965
SINALOA,2021,10,113187.0,116460
SINALOA,2021,11,63885.0,66412
SINALOA,2021,12,110160.0,113398
SINALOA,2022,1,119057.0,122031
SINALOA,2022,2,111185.0,114321
SINALOA,2022,3,131240.0,135087
SINALOA,2022,4,116677.0,120812
SINALOA,2022,5,129012.0,133178
SINALOA,2022,6,83378.0,85376
SINALOA,2022,7,123829.0,127494
SINALOA,2022,8,132276.0,136291
SINALOA,2022,9,126674.0,129600
SINALOA,2022,10,137575.0,141614
SINALOA,2022,11,140175.0,143993
SINALOA,2022,12,128535.0,131956
SINALOA,2023,1,146317.0,149353
SINALOA,2023,2,134330.0,137549
SINALOA,2023,3,149839.0,158701
SINALOA,2023,4,134604.0,138882
SINALOA,2023,5,153145.0,158095
SINALOA,2023,6,115114.0,118746
SINALOA,2023,7,141849.0,144945
SINALOA,2023,8,159733.0,162352
SINALOA,2023,9,155343.0,158692
SINALOA,2023,10,161605.0,165872
SINALOA,2023,11,156762.0,162072
SINALOA,2023,12,148625.0,152238
SINALOA,2024,1,172592.0,174786
SINALOA,2024,2,155604.0,160482
SINALOA,2024,3,146487.0,151317
SINALOA,2024,4,175723.0,178803
SINALOA,2024,5,167675.0,170390
SINALOA,2024,6,151958.0,154093
SINALOA,2024,7,166713.0,169670
SINALOA,2024,8,160650.0,163143
SINALOA,2024,9,155789.0,159095
SINALOA,2024,10,174028.0,177267
SINALOA,2024,11,159917.0,163946
SINALOA,2024,12,152619.0,157263
SONORA,2018,1,91892.0,93478
SONORA,2018,2,80313.0,83043
SONORA,2018,3,82117.0,83767
SONORA,2018,4,83564.0,85925
SONORA,2018,5,85798.0,89721
SONORA,2018,6,76536.0,79642
SONORA,2018,7,76528.0,79051
SONORA,2018,8,81905.0,84844
SONORA,2018,9,81954.0,84412
SONORA,2018,10,91451.0,93303
SONORA,2018,11,88430.0,90314
SONORA,2018,12,78660.0,81141
SONORA,2019,1,86930.0,88781
SONORA,2019,2,80054.0,81888
SONORA,2019,3,49352.0,51043
SONORA,2019,4,75639.0,78678
SONORA,2019,5,83941.0,87438
SONORA,2019,6,77759.0,80627
SONORA,2019,7,81044.0,83535
SONORA,2019,8,79087.0,80784
SONORA,2019,9,80102.0,81764
SONORA,2019,10,92197.0,94375
SONORA,2019,11,82268.0,84323
SONORA,2019,12,81698.0,82982
SONORA,2020,1,90746.0,93786
SONORA,2020,2,82524.0,86384
SONORA,2020,3,78256.0,82094
SONORA,2020,4,50796.0,53129
SONORA,2020,5,48043.0,51235
SONORA,2020,6,53654.0,56875
SONORA,2020,7,57979.0,61118
SONORA,2020,8,57019.0,59336
SONORA,2020,9,63669.0,66076
SONORA,2020,10,74329.0,76510
SONORA,2020,11,60708.0,62668
SONORA,2020,12,70494.0,72041
SONORA,2021,1,64828.0,66267
SONORA,2021,2,64807.0,66576
SONORA,2021,3,66992.0,68531
SONORA,2021,4,18533.0,19086
SONORA,2021,5,75227.0,76982
SONORA,2021,6,72902.0,74380
SONORA,2021,7,76341.0,77638
SONORA,2021,8,75420.0,76955
SONORA,2021,9,78210.0,80288
SONORA,2021,10,77750.0,79615
SONORA,2021,11,43176.0,44630
SONORA,2021,12,76460.0,78498
SONORA,2022,1,79768.0,81777
SONORA,2022,2,73979.0,76261
SONORA,2022,3,83718.0,85909
SONORA,2022,4,74146.0,76001
SONORA,2022,5,82108.0,84173
SONORA,2022,6,50189.0,51506
SONORA,2022,7,74795.0,77289
SONORA,2022,8,79759.0,82147
SONORA,2022,9,72734.0,75121
SONORA,2022,10,82545.0,85329
SONORA,2022,11,85853.0,88309
SONORA,2022,12,77800.0,79456
SONORA,2023,1,87790.0,89236
SONORA,2023,2,79133.0,81725
SONORA,2023,3,86626.0,94220
SONORA,2023,4,76589.0,79657
SONORA,2023,5,88024.0,91384
SONORA,2023,6,65367.0,68210
SONORA,2023,7,80917.0,82902
SONORA,2023,8,90050.0,91287
SONORA,2023,9,91093.0,92958
SONORA,2023,10,94514.0,96250
SONORA,2023,11,89285.0,91640
SONORA,2023,12,78083.0,80161
SONORA,2024,1,95317.0,96617
SONORA,2024,2,86948.0,89596
SONORA,2024,3,81273.0,83279
SONORA,2024,4,92987.0,95073
SONORA,2024,5,93191.0,95227
SONORA,2024,6,82043.0,83355
SONORA,2024,7,88022.0,89658
SONORA,2024,8,85685.0,87361
SONORA,2024,9,84393.0,86162
SONORA,2024,10,90312.0,92505
SONORA,2024,11,81920.0,84501
SONORA,2024,12,78820.0,81362
TABASCO,2018,1,44897.0,46050
TABASCO,2018,2,41745.0,43208
TABASCO,2018,3,42733.0,43996
TABASCO,2018,4,44486.0,45822
TABASCO,2018,5,47171.0,49165
TABASCO,2018,6,43603.0,44984
TABASCO,2018,7,42411.0,43451
TABASCO,2018,8,45348.0,46604
TABASCO,2018,9,44601.0,45913
TABASCO,2018,10,48643.0,50468
TABASCO,2018,11,42074.0,43373
TABASCO,2018,12,37591.0,38490
TABASCO,2019,1,42364.0,43465
TABASCO,2019,2,39601.0,40953
TABASCO,2019,3,26369.0,27084
TABASCO,2019,4,41352.0,42574
TABASCO,2019,5,45607.0,47014
TABASCO,2019,6,41917.0,43133
TABASCO,2019,7,42262.0,43401
TABASCO,2019,8,27780.0,28345
TABASCO,2019,9,41931.0,43121
TABASCO,2019,10,48011.0,49376
TABASCO,2019,11,41971.0,43115
TABASCO,2019,12,36990.0,37664
TABASCO,2020,1,41648.0,43050
TABASCO,2020,2,40968.0,42242
TABASCO,2020,3,40783.0,42180
TABASCO,2020,4,20787.0,21562
TABASCO,2020,5,19688.0,20200
TABASCO,2020,6,21541.0,22112
TABASCO,2020,7,26797.0,27569
TABASCO,2020,8,27090.0,27617
TABASCO,2020,9,28878.0,29330
TABASCO,2020,10,30719.0,31253
TABASCO,2020,11,19238.0,19623
TABASCO,2020,12,24785.0,25294
TABASCO,2021,1,26803.0,27345
TABASCO,2021,2,26367.0,27040
TABASCO,2021,3,26698.0,27182
TABASCO,2021,4,8291.0,8552
TABASCO,2021,5,30686.0,31423
TABASCO,2021,6,30789.0,31620
TABASCO,2021,7,34974.0,35765
TABASCO,2021,8,33934.0,34660
TABASCO,2021,9,35997.0,36893
TABASCO,2021,10,36437.0,37149
TABASCO,2021,11,21468.0,21828
TABASCO,2021,12,33338.0,33981
TABASCO,2022,1,37008.0,37820
TABASCO,2022,2,36674.0,37512
TABASCO,2022,3,42516.0,43649
TABASCO,2022,4,37616.0,38431
TABASCO,2022,5,41644.0,42648
TABASCO,2022,6,24623.0,25175
TABASCO,2022,7,40059.0,41198
TABASCO,2022,8,43012.0,44050
TABASCO,2022,9,41125.0,42350
TABASCO,2022,10,44102.0,45283
TABASCO,2022,11,44243.0,45407
TABASCO,2022,12,34990.0,35708
TABASCO,2023,1,52671.0,53655
TABASCO,2023,2,45271.0,46540
TABASCO,2023,3,51166.0,53540
TABASCO,2023,4,44202.0,45651
TABASCO,2023,5,51175.0,53243
TABASCO,2023,6,39533.0,40854
TABASCO,2023,7,49241.0,50097
TABASCO,2023,8,54035.0,54924
TABASCO,2023,9,51854.0,52883
TABASCO,2023,10,54642.0,56162
TABASCO,2023,11,50004.0,51518
TABASCO,2023,12,42764.0,43986
TABASCO,2024,1,52398.0,53317
TABASCO,2024,2,48765.0,50625
TABASCO,2024,3,37033.0,39161
TABASCO,2024,4,55266.0,56930
TABASCO,2024,5,52241.0,53581
TABASCO,2024,6,48289.0,49353
TABASCO,2024,7,51276.0,52621
TABASCO,2024,8,50576.0,52258
TABASCO,2024,9,44864.0,46543
TABASCO,2024,10,46468.0,48577
TABASCO,2024,11,41747.0,43530
TABASCO,2024,12,36651.0,38836
TAMAULIPAS,2018,1,102528.0,104049
TAMAULIPAS,2018,2,98065.0,99672
TAMAULIPAS,2018,3,97734.0,99294
TAMAULIPAS,2018,4,99859.0,101768
TAMAULIPAS,2018,5,103879.0,106551
TAMAULIPAS,2018,6,91586.0,93681
TAMAULIPAS,2018,7,87318.0,89460
TAMAULIPAS,2018,8,98547.0,100749
TAMAULIPAS,2018,9,95638.0,97715
TAMAULIPAS,2018,10,108586.0,110839
TAMAULIPAS,2018,11,96736.0,98697
TAMAULIPAS,2018,12,83301.0,84786
TAMAULIPAS,2019,1,97578.0,99404
TAMAULIPAS,2019,2,88367.0,90760
TAMAULIPAS,2019,3,57075.0,58268
TAMAULIPAS,2019,4,85273.0,87031
TAMAULIPAS,2019,5,92697.0,94593
TAMAULIPAS,2019,6,88930.0,90588
TAMAULIPAS,2019,7,87848.0,89451
TAMAULIPAS,2019,8,76278.0,77388
TAMAULIPAS,2019,9,91189.0,92773
TAMAULIPAS,2019,10,101698.0,103707
TAMAULIPAS,2019,11,86835.0,88738
TAMAULIPAS,2019,12,88775.0,90436
TAMAULIPAS,2020,1,89978.0,93654
TAMAULIPAS,2020,2,89906.0,93718
TAMAULIPAS,2020,3,86678.0,90508
TAMAULIPAS,2020,4,44046.0,45914
TAMAULIPAS,2020,5,39504.0,41755
TAMAULIPAS,2020,6,49504.0,51696
TAMAULIPAS,2020,7,48693.0,50265
TAMAULIPAS,2020,8,52018.0,53286
TAMAULIPAS,2020,9,55855.0,57567
TAMAULIPAS,2020,10,65222.0,67127
TAMAULIPAS,2020,11,51203.0,52444
TAMAULIPAS,2020,12,55899.0,56944
TAMAULIPAS,2021,1,57742.0,58750
TAMAULIPAS,2021,2,53162.0,54068
TAMAULIPAS,2021,3,57599.0,58594
TAMAULIPAS,2021,4,17168.0,17709
TAMAULIPAS,2021,5,59841.0,61287
TAMAULIPAS,2021,6,68207.0,69462
TAMAULIPAS,2021,7,65143.0,66626
TAMAULIPAS,2021,8,69865.0,70955
TAMAULIPAS,2021,9,74013.0,75303
TAMAULIPAS,2021,10,73264.0,74322
TAMAULIPAS,2021,11,40235.0,41208
TAMAULIPAS,2021,12,65712.0,67265
TAMAULIPAS,2022,1,69669.0,71170
TAMAULIPAS,2022,2,67677.0,69167
TAMAULIPAS,2022,3,79547.0,81575
TAMAULIPAS,2022,4,67368.0,69440
TAMAULIPAS,2022,5,77859.0,80160
TAMAULIPAS,2022,6,48282.0,49944
TAMAULIPAS,2022,7,70347.0,72635
TAMAULIPAS,2022,8,78927.0,81277
TAMAULIPAS,2022,9,74211.0,76572
TAMAULIPAS,2022,10,80191.0,83071
TAMAULIPAS,2022,11,81821.0,84363
TAMAULIPAS,2022,12,70750.0,72827
TAMAULIPAS,2023,1,87677.0,89646
TAMAULIPAS,2023,2,79695.0,81757
TAMAULIPAS,2023,3,86801.0,91176
TAMAULIPAS,2023,4,75479.0,78177
TAMAULIPAS,2023,5,89474.0,91853
TAMAULIPAS,2023,6,63109.0,64879
TAMAULIPAS,2023,7,80596.0,82116
TAMAULIPAS,2023,8,90648.0,92263
TAMAULIPAS,2023,9,87821.0,89836
TAMAULIPAS,2023,10,96007.0,98908
TAMAULIPAS,2023,11,90020.0,92287
TAMAULIPAS,2023,12,78634.0,80402
TAMAULIPAS,2024,1,94282.0,95525
TAMAULIPAS,2024,2,90382.0,93488
TAMAULIPAS,2024,3,83932.0,88960
TAMAULIPAS,2024,4,99366.0,101072
TAMAULIPAS,2024,5,101223.0,103230
TAMAULIPAS,2024,6,88695.0,89840
TAMAULIPAS,2024,7,99671.0,100844
TAMAULIPAS,2024,8,98092.0,99119
TAMAULIPAS,2024,9,100446.0,101281
TAMAULIPAS,2024,10,114846.0,116566
TAMAULIPAS,2024,11,97464.0,99266
TAMAULIPAS,2024,12,92948.0,95090
TLAXCALA,2018,1,36539.0,36604
TLAXCALA,2018,2,32640.0,32696
TLAXCALA,2018,3,33034.0,33112
TLAXCALA,2018,4,36100.0,36159
TLAXCALA,2018,5,37537.0,37641
TLAXCALA,2018,6,34996.0,35351
TLAXCALA,2018,7,33843.0,34134
TLAXCALA,2018,8,39635.0,39797
TLAXCALA,2018,9,36516.0,36655
TLAXCALA,2018,10,41259.0,41438
TLAXCALA,2018,11,38821.0,39049
TLAXCALA,2018,12,35883.0,36004
TLAXCALA,2019,1,40678.0,40952
TLAXCALA,2019,2,35989.0,36283
TLAXCALA,2019,3,22672.0,22843
TLAXCALA,2019,4,37298.0,37518
TLAXCALA,2019,5,38919.0,39171
TLAXCALA,2019,6,37034.0,37333
TLAXCALA,2019,7,38680.0,38922
TLAXCALA,2019,8,23044.0,23174
TLAXCALA,2019,9,37161.0,37363
TLAXCALA,2019,10,41756.0,41998
TLAXCALA,2019,11,36739.0,36950
TLAXCALA,2019,12,36874.0,37027
TLAXCALA,2020,1,39826.0,40007
TLAXCALA,2020,2,37149.0,37375
TLAXCALA,2020,3,39610.0,39817
TLAXCALA,2020,4,27768.0,27941
TLAXCALA,2020,5,23168.0,23266
TLAXCALA,2020,6,24747.0,24900
TLAXCALA,2020,7,27095.0,27308
TLAXCALA,2020,8,25068.0,25335
TLAXCALA,2020,9,28602.0,28856
TLAXCALA,2020,10,31841.0,32038
TLAXCALA,2020,11,25207.0,25309
TLAXCALA,2020,12,31129.0,31404
TLAXCALA,2021,1,27788.0,28116
TLAXCALA,2021,2,26366.0,26695
TLAXCALA,2021,3,26016.0,26462
TLAXCALA,2021,4,8183.0,8437
TLAXCALA,2021,5,28664.0,28961
TLAXCALA,2021,6,30530.0,30923
TLAXCALA,2021,7,33459.0,33676
TLAXCALA,2021,8,32640.0,32940
TLAXCALA,2021,9,34085.0,34287
TLAXCALA,2021,10,34006.0,34304
TLAXCALA,2021,11,19739.0,19954
TLAXCALA,2021,12,34791.0,34972
TLAXCALA,2022,1,38508.0,38856
TLAXCALA,2022,2,35946.0,36274
TLAXCALA,2022,3,41081.0,41401
TLAXCALA,2022,4,38107.0,38438
TLAXCALA,2022,5,41120.0,41390
TLAXCALA,2022,6,25026.0,25211
TLAXCALA,2022,7,41594.0,41909
TLAXCALA,2022,8,42501.0,42819
TLAXCALA,2022,9,37999.0,38267
TLAXCALA,2022,10,42231.0,42608
TLAXCALA,2022,11,41685.0,41923
TLAXCALA,2022,12,41796.0,41946
TLAXCALA,2023,1,45175.0,45419
TLAXCALA,2023,2,41765.0,42074
TLAXCALA,2023,3,47878.0,48470
TLAXCALA,2023,4,40662.0,40994
TLAXCALA,2023,5,45750.0,45929
TLAXCALA,2023,6,34867.0,35008
TLAXCALA,2023,7,43429.0,43848
TLAXCALA,2023,8,46268.0,46528
TLAXCALA,2023,9,45173.0,45450
TLAXCALA,2023,10,47817.0,48092
TLAXCALA,2023,11,43190.0,43454
TLAXCALA,2023,12,41739.0,41904
TLAXCALA,2024,1,47155.0,47406
TLAXCALA,2024,2,46741.0,47095
TLAXCALA,2024,3,42782.0,43282
TLAXCALA,2024,4,48141.0,48472
TLAXCALA,2024,5,48057.0,48232
TLAXCALA,2024,6,44382.0,44625
TLAXCALA,2024,7,46668.0,46951
TLAXCALA,2024,8,47779.0,48143
TLAXCALA,2024,9,43524.0,43862
TLAXCALA,2024,10,45531.0,46090
TLAXCALA,2024,11,35749.0,36392
TLAXCALA,2024,12,33921.0,34800
VERACRUZ,2018,1,136023.0,136899
VERACRUZ,2018,2,126445.0,127535
VERACRUZ,2018,3,128287.0,129505
VERACRUZ,2018,4,130229.0,131578
VERACRUZ,2018,5,138856.0,140583
VERACRUZ,2018,6,101768.0,103713
VERACRUZ,2018,7,146763.0,149861
VERACRUZ,2018,8,150050.0,152623
VERACRUZ,2018,9,134504.0,136806
VERACRUZ,2018,10,146145.0,148575
VERACRUZ,2018,11,134507.0,136404
VERACRUZ,2018,12,118837.0,120273
VERACRUZ,2019,1,139722.0,141368
VERACRUZ,2019,2,126050.0,128328
VERACRUZ,2019,3,81193.0,82996
VERACRUZ,2019,4,123279.0,125832
VERACRUZ,2019,5,130658.0,133487
VERACRUZ,2019,6,127146.0,129382
VERACRUZ,2019,7,131824.0,133934
VERACRUZ,2019,8,119372.0,120885
VERACRUZ,2019,9,128319.0,130237
VERACRUZ,2019,10,143335.0,145328
VERACRUZ,2019,11,135757.0,137927
VERACRUZ,2019,12,124154.0,125651
VERACRUZ,2020,1,127514.0,130384
VERACRUZ,2020,2,124154.0,126978
VERACRUZ,2020,3,121404.0,124706
VERACRUZ,2020,4,66323.0,67982
VERACRUZ,2020,5,56975.0,58497
VERACRUZ,2020,6,64426.0,66106
VERACRUZ,2020,7,73434.0,75261
VERACRUZ,2020,8,75271.0,76512
VERACRUZ,2020,9,80825.0,82101
VERACRUZ,2020,10,91908.0,93393
VERACRUZ,2020,11,78338.0,79475
VERACRUZ,2020,12,89774.0,91477
VERACRUZ,2021,1,92518.0,93992
VERACRUZ,2021,2,83224.0,84936
VERACRUZ,2021,3,87718.0,89227
VERACRUZ,2021,4,28908.0,29819
VERACRUZ,2021,5,97658.0,99861
VERACRUZ,2021,6,103994.0,106566
VERACRUZ,2021,7,112622.0,115364
VERACRUZ,2021,8,105063.0,107776
VERACRUZ,2021,9,111605.0,113857
VERACRUZ,2021,10,112910.0,115659
VERACRUZ,2021,11,68277.0,69873
VERACRUZ,2021,12,108141.0,110307
VERACRUZ,2022,1,117623.0,120082
VERACRUZ,2022,2,108211.0,110758
VERACRUZ,2022,3,124307.0,126916
VERACRUZ,2022,4,108932.0,111422
VERACRUZ,2022,5,122493.0,124814
VERACRUZ,2022,6,77061.0,78426
VERACRUZ,2022,7,119789.0,122244
VERACRUZ,2022,8,126411.0,128742
VERACRUZ,2022,9,115386.0,118240
VERACRUZ,2022,10,129031.0,131525
VERACRUZ,2022,11,131226.0,133178
VERACRUZ,2022,12,119722.0,121968
VERACRUZ,2023,1,142659.0,144312
VERACRUZ,2023,2,127184.0,129083
VERACRUZ,2023,3,141714.0,145345
VERACRUZ,2023,4,121903.0,123653
VERACRUZ,2023,5,137466.0,139479
VERACRUZ,2023,6,101915.0,103319
VERACRUZ,2023,7,131988.0,133878
VERACRUZ,2023,8,142500.0,144512
VERACRUZ,2023,9,138225.0,140425
VERACRUZ,2023,10,148593.0,150215
VERACRUZ,2023,11,138341.0,140067
VERACRUZ,2023,12,117445.0,118460
VERACRUZ,2024,1,153505.0,155247
VERACRUZ,2024,2,140608.0,142582
VERACRUZ,2024,3,133029.0,135578
VERACRUZ,2024,4,155960.0,157547
VERACRUZ,2024,5,151604.0,153146
VERACRUZ,2024,6,140885.0,142546
VERACRUZ,2024,7,158504.0,159861
VERACRUZ,2024,8,150776.0,152454
VERACRUZ,2024,9,141832.0,144089
VERACRUZ,2024,10,153686.0,156366
VERACRUZ,2024,11,133557.0,136679
VERACRUZ,2024,12,117271.0,120628
YUCATÁN,2018,1,82861.0,84020
YUCATÁN,2018,2,71562.0,72872
YUCATÁN,2018,3,74796.0,76066
YUCATÁN,2018,4,76777.0,78297
YUCATÁN,2018,5,81106.0,83060
YUCATÁN,2018,6,63144.0,64675
YUCATÁN,2018,7,81964.0,84393
YUCATÁN,2018,8,87627.0,90322
YUCATÁN,2018,9,77204.0,78832
YUCATÁN,2018,10,83517.0,86144
YUCATÁN,2018,11,79072.0,81284
YUCATÁN,2018,12,71414.0,73273
YUCATÁN,2019,1,80779.0,82899
YUCATÁN,2019,2,69461.0,72150
YUCATÁN,2019,3,45831.0,47466
YUCATÁN,2019,4,68677.0,74358
YUCATÁN,2019,5,73556.0,80865
YUCATÁN,2019,6,70135.0,73653
YUCATÁN,2019,7,80343.0,82734
YUCATÁN,2019,8,77712.0,79738
YUCATÁN,2019,9,78303.0,80844
YUCATÁN,2019,10,84912.0,87985
YUCATÁN,2019,11,78671.0,81370
YUCATÁN,2019,12,75051.0,76778
YUCATÁN,2020,1,77953.0,82616
YUCATÁN,2020,2,70860.0,75252
YUCATÁN,2020,3,69308.0,73621
YUCATÁN,2020,4,42398.0,45431
YUCATÁN,2020,5,40227.0,43862
YUCATÁN,2020,6,45593.0,49357
YUCATÁN,2020,7,50231.0,53647
YUCATÁN,2020,8,51650.0,53907
YUCATÁN,2020,9,49720.0,52231
YUCATÁN,2020,10,55638.0,58091
YUCATÁN,2020,11,48948.0,50937
YUCATÁN,2020,12,57641.0,59318
YUCATÁN,2021,1,60986.0,63289
YUCATÁN,2021,2,56196.0,58233
YUCATÁN,2021,3,51895.0,53744
YUCATÁN,2021,4,13616.0,14579
YUCATÁN,2021,5,60901.0,62900
YUCATÁN,2021,6,59918.0,61719
YUCATÁN,2021,7,63911.0,65624
YUCATÁN,2021,8,61304.0,62898
YUCATÁN,2021,9,64937.0,66719
YUCATÁN,2021,10,63182.0,64795
YUCATÁN,2021,11,36478.0,37496
YUCATÁN,2021,12,63888.0,65759
YUCATÁN,2022,1,64995.0,66240
YUCATÁN,2022,2,60015.0,61585
YUCATÁN,2022,3,71310.0,72860
YUCATÁN,2022,4,62298.0,63781
YUCATÁN,2022,5,70898.0,72440
YUCATÁN,2022,6,43346.0,44445
YUCATÁN,2022,7,68057.0,69709
YUCATÁN,2022,8,75158.0,76998
YUCATÁN,2022,9,67484.0,69016
YUCATÁN,2022,10,73069.0,75083
YUCATÁN,2022,11,71250.0,72982
YUCATÁN,2022,12,71902.0,73565
YUCATÁN,2023,1,79238.0,80498
YUCATÁN,2023,2,70711.0,71989
YUCATÁN,2023,3,80969.0,83013
YUCATÁN,2023,4,69067.0,70198
YUCATÁN,2023,5,79949.0,81191
YUCATÁN,2023,6,59163.0,60011
YUCATÁN,2023,7,75994.0,76768
YUCATÁN,2023,8,81414.0,82172
YUCATÁN,2023,9,81887.0,82796
YUCATÁN,2023,10,88398.0,89337
YUCATÁN,2023,11,80461.0,81363
YUCATÁN,2023,12,73342.0,74218
YUCATÁN,2024,1,87708.0,88454
YUCATÁN,2024,2,81563.0,82554
YUCATÁN,2024,3,67258.0,69905
YUCATÁN,2024,4,72012.0,74163
YUCATÁN,2024,5,72108.0,74120
YUCATÁN,2024,6,67784.0,69636
YUCATÁN,2024,7,72384.0,74505
YUCATÁN,2024,8,70300.0,72595
YUCATÁN,2024,9,68200.0,70539
YUCATÁN,2024,10,72592.0,74807
YUCATÁN,2024,11,67734.0,70661
YUCATÁN,2024,12,63764.0,67694
ZACATECAS,2018,1,61804.0,62393
ZACATECAS,2018,2,59717.0,60886
ZACATECAS,2018,3,62109.0,72382
ZACATECAS,2018,4,59664.0,62137
ZACATECAS,2018,5,57622.0,60333
ZACATECAS,2018,6,41976.0,44426
ZACATECAS,2018,7,52666.0,55607
ZACATECAS,2018,8,56791.0,59778
ZACATECAS,2018,9,52462.0,55493
ZACATECAS,2018,10,63778.0,67420
ZACATECAS,2018,11,58825.0,60315
ZACATECAS,2018,12,49446.0,50695
ZACATECAS,2019,1,55619.0,57756
ZACATECAS,2019,2,50281.0,53129
ZACATECAS,2019,3,27691.0,29646
ZACATECAS,2019,4,52094.0,53424
ZACATECAS,2019,5,60764.0,62065
ZACATECAS,2019,6,57135.0,58651
ZACATECAS,2019,7,59428.0,61086
ZACATECAS,2019,8,50023.0,51173
ZACATECAS,2019,9,57320.0,58461
ZACATECAS,2019,10,63987.0,65617
ZACATECAS,2019,11,59270.0,60929
ZACATECAS,2019,12,56553.0,57643
ZACATECAS,2020,1,61109.0,63216
ZACATECAS,2020,2,61962.0,63608
ZACATECAS,2020,3,60369.0,62057
ZACATECAS,2020,4,34529.0,35794
ZACATECAS,2020,5,30472.0,31998
ZACATECAS,2020,6,37428.0,39183
ZACATECAS,2020,7,38667.0,40716
ZACATECAS,2020,8,41195.0,42895
ZACATECAS,2020,9,44563.0,46062
ZACATECAS,2020,10,52061.0,53254
ZACATECAS,2020,11,41374.0,42196
ZACATECAS,2020,12,45420.0,46057
ZACATECAS,2021,1,44711.0,45787
ZACATECAS,2021,2,43714.0,44331
ZACATECAS,2021,3,44453.0,45135
ZACATECAS,2021,4,13436.0,13917
ZACATECAS,2021,5,46533.0,47345
ZACATECAS,2021,6,48285.0,49043
ZACATECAS,2021,7,49404.0,50269
ZACATECAS,2021,8,51783.0,52839
ZACATECAS,2021,9,52766.0,54312
ZACATECAS,2021,10,54485.0,56002
ZACATECAS,2021,11,30733.0,31738
ZACATECAS,2021,12,48098.0,49748
ZACATECAS,2022,1,56061.0,57174
ZACATECAS,2022,2,51456.0,53004
ZACATECAS,2022,3,60806.0,62884
ZACATECAS,2022,4,54836.0,56803
ZACATECAS,2022,5,59563.0,61392
ZACATECAS,2022,6,38220.0,39383
ZACATECAS,2022,7,58306.0,60634
ZACATECAS,2022,8,62841.0,65287
ZACATECAS,2022,9,60065.0,62328
ZACATECAS,2022,10,63345.0,66004
ZACATECAS,2022,11,70816.0,73341
ZACATECAS,2022,12,61743.0,63569
ZACATECAS,2023,1,69128.0,71073
ZACATECAS,2023,2,62022.0,63787
ZACATECAS,2023,3,70036.0,73992
ZACATECAS,2023,4,62111.0,64067
ZACATECAS,2023,5,71308.0,72936
ZACATECAS,2023,6,53184.0,55087
ZACATECAS,2023,7,66558.0,67758
ZACATECAS,2023,8,74415.0,75245
ZACATECAS,2023,9,69233.0,70005
ZACATECAS,2023,10,73595.0,74938
ZACATECAS,2023,11,70092.0,71229
ZACATECAS,2023,12,61049.0,62470
ZACATECAS,2024,1,75399.0,76126
ZACATECAS,2024,2,67165.0,68703
ZACATECAS,2024,3,66487.0,68330
ZACATECAS,2024,4,75961.0,77161
ZACATECAS,2024,5,74135.0,75152
ZACATECAS,2024,6,64332.0,65568
ZACATECAS,2024,7,66215.0,67450
ZACATECAS,2024,8,64100.0,65957
ZACATECAS,2024,9,61690.0,63128
ZACATECAS,2024,10,70838.0,72621
ZACATECAS,2024,11,64512.0,67146
ZACATECAS,2024,12,57005.0,59278
